-- phpMyAdmin SQL Dump
-- version 4.0.10deb1
-- http://www.phpmyadmin.net
--
-- Host: localhost
-- Generation Time: Jul 07, 2015 at 11:57 PM
-- Server version: 5.5.41-0ubuntu0.14.04.1
-- PHP Version: 5.5.9-1ubuntu4.6

SET SQL_MODE = "NO_AUTO_VALUE_ON_ZERO";
SET time_zone = "+00:00";


/*!40101 SET @OLD_CHARACTER_SET_CLIENT=@@CHARACTER_SET_CLIENT */;
/*!40101 SET @OLD_CHARACTER_SET_RESULTS=@@CHARACTER_SET_RESULTS */;
/*!40101 SET @OLD_COLLATION_CONNECTION=@@COLLATION_CONNECTION */;
/*!40101 SET NAMES utf8 */;

--
-- Database: `evaluasi_sd`
--

-- --------------------------------------------------------

--
-- Table structure for table `answers`
--

CREATE TABLE IF NOT EXISTS `answers` (
  `id` int(11) NOT NULL AUTO_INCREMENT,
  `question_id` int(32) NOT NULL,
  `details` text NOT NULL,
  `true` int(11) DEFAULT NULL,
  `created` datetime NOT NULL,
  `modified` datetime NOT NULL,
  PRIMARY KEY (`id`)
) ENGINE=MyISAM  DEFAULT CHARSET=latin1 AUTO_INCREMENT=77 ;

--
-- Dumping data for table `answers`
--

INSERT INTO `answers` (`id`, `question_id`, `details`, `true`, `created`, `modified`) VALUES
(1, 1, 'Jawaban salah', 0, '2011-12-06 19:50:39', '2011-12-06 19:50:39'),
(2, 1, 'Jawaban salah', 0, '2011-12-06 19:50:39', '2011-12-06 19:50:39'),
(3, 1, 'Jawaban salah', 1, '2011-12-06 19:50:39', '2012-04-08 18:10:04'),
(4, 1, 'Jawaban Betul', 0, '2011-12-06 19:50:39', '2012-04-08 18:09:56'),
(5, 2, 'Jawaban Salah', 0, '2011-12-06 19:53:00', '2011-12-06 19:53:00'),
(6, 2, 'Jawaban Salah', 0, '2011-12-06 19:53:00', '2011-12-06 19:53:00'),
(7, 2, 'Jawaban Betul', 1, '2011-12-06 19:53:00', '2011-12-06 19:53:00'),
(8, 2, 'Jawaban Salah', 0, '2011-12-06 19:53:00', '2011-12-06 19:53:00'),
(9, 3, 'Jawaban Salah', 0, '2011-12-06 19:53:35', '2011-12-06 19:53:35'),
(10, 3, 'Jawaban Salah', 0, '2011-12-06 19:53:35', '2011-12-06 19:53:35'),
(11, 3, 'Jawaban Betul', 1, '2011-12-06 19:53:35', '2011-12-06 19:53:35'),
(12, 3, 'Jawaban Salah', 0, '2011-12-06 19:53:35', '2011-12-06 19:53:35'),
(13, 4, 'Ini salah', 0, '2012-07-30 22:24:57', '2012-07-30 22:24:57'),
(14, 4, 'Ini salah', 0, '2012-07-30 22:24:57', '2012-07-30 22:24:57'),
(15, 4, 'Ini salah', 0, '2012-07-30 22:24:57', '2012-07-30 22:24:57'),
(16, 4, 'Ini betul', 1, '2012-07-30 22:24:57', '2012-07-30 22:24:57'),
(17, 5, 'Ini jawaban', 0, '2012-07-30 22:43:19', '2012-07-30 22:43:19'),
(18, 5, 'Ini jawaban2', 1, '2012-07-30 22:43:19', '2012-07-30 22:43:19'),
(19, 5, 'Ini jawaban', 0, '2012-07-30 22:43:19', '2012-07-30 22:43:19'),
(20, 5, 'Ini jawaban', 0, '2012-07-30 22:43:19', '2012-07-30 22:43:19'),
(21, 6, 'jawaban 1', 0, '2012-07-30 22:51:48', '2012-07-30 22:51:48'),
(22, 6, 'jawaban 1', 0, '2012-07-30 22:51:48', '2012-07-30 22:51:48'),
(23, 6, 'jawaban 1', 0, '2012-07-30 22:51:48', '2012-07-30 22:51:48'),
(24, 6, 'jawaban 1', 1, '2012-07-30 22:51:48', '2012-07-30 22:51:48'),
(25, 7, 'jh', 0, '2012-07-31 20:16:58', '2012-07-31 20:16:58'),
(26, 7, 'jk', 0, '2012-07-31 20:16:58', '2012-07-31 20:16:58'),
(27, 7, 'k', 0, '2012-07-31 20:16:58', '2012-07-31 20:16:58'),
(28, 7, 'kl', 1, '2012-07-31 20:16:58', '2012-07-31 20:16:58'),
(29, 8, 'sdf', 0, '2012-07-31 20:25:37', '2012-07-31 20:25:37'),
(30, 8, 'sdf', 0, '2012-07-31 20:25:37', '2012-07-31 20:25:37'),
(31, 8, 'sdf', 0, '2012-07-31 20:25:37', '2012-07-31 20:25:37'),
(32, 8, 'sdf', 1, '2012-07-31 20:25:37', '2012-07-31 20:25:37'),
(33, 9, 'Jawab', 0, '2012-07-31 20:26:47', '2012-07-31 20:26:47'),
(34, 9, 'jawab', 0, '2012-07-31 20:26:47', '2012-07-31 20:26:47'),
(35, 9, 'jawab', 0, '2012-07-31 20:26:47', '2012-07-31 20:26:47'),
(36, 9, 'jawab', 1, '2012-07-31 20:26:47', '2012-07-31 20:26:47'),
(37, 10, 'sfd', 0, '2012-07-31 20:34:20', '2012-07-31 20:34:20'),
(38, 10, 'sfd', 0, '2012-07-31 20:34:20', '2012-07-31 20:34:20'),
(39, 10, 'sdf', 0, '2012-07-31 20:34:20', '2012-07-31 20:34:20'),
(40, 10, 'fsd', 1, '2012-07-31 20:34:20', '2012-07-31 20:34:20'),
(41, 11, 'asf', 0, '2012-07-31 20:36:38', '2012-07-31 20:36:38'),
(42, 11, 'sdf', 0, '2012-07-31 20:36:38', '2012-07-31 20:36:38'),
(43, 11, 'sdf', 1, '2012-07-31 20:36:38', '2012-07-31 20:36:38'),
(44, 11, 'sdf', 0, '2012-07-31 20:36:38', '2012-07-31 20:36:38'),
(53, 14, 'Jaawab a', 0, '2012-07-31 22:16:35', '2012-07-31 22:16:35'),
(54, 14, 'Jaawab a', 0, '2012-07-31 22:16:35', '2012-07-31 22:16:35'),
(55, 14, 'Jaawab a', 0, '2012-07-31 22:16:35', '2012-07-31 22:16:35'),
(56, 14, 'Jaawab a', 1, '2012-07-31 22:16:35', '2012-07-31 22:16:35'),
(57, 239, 'ard a', 0, '2015-03-25 15:54:16', '2015-03-25 15:54:16'),
(58, 239, 'ard b', 0, '2015-03-25 15:54:16', '2015-03-25 15:54:16'),
(59, 239, 'ard c', 0, '2015-03-25 15:54:16', '2015-03-25 15:54:16'),
(60, 239, 'ard d', 1, '2015-03-25 15:54:16', '2015-03-25 15:54:16'),
(61, 240, 'ard a', 0, '2015-03-25 15:59:32', '2015-03-25 15:59:32'),
(62, 240, 'ard b', 0, '2015-03-25 15:59:32', '2015-03-25 15:59:32'),
(63, 240, 'ard c', 0, '2015-03-25 15:59:32', '2015-03-25 15:59:32'),
(64, 240, 'ard d', 1, '2015-03-25 15:59:32', '2015-03-25 15:59:32'),
(65, 241, 'ard a', 0, '2015-03-25 16:02:11', '2015-03-25 16:02:11'),
(66, 241, 'ard b', 0, '2015-03-25 16:02:11', '2015-03-25 16:02:11'),
(67, 241, 'ard c', 0, '2015-03-25 16:02:11', '2015-03-25 16:02:11'),
(68, 241, 'ard d', 1, '2015-03-25 16:02:11', '2015-03-25 16:02:11'),
(69, 242, 'dasdasd', 1, '2015-03-25 16:12:02', '2015-03-25 16:12:02'),
(70, 242, 'asdasdasd', 0, '2015-03-25 16:12:02', '2015-03-25 16:12:02'),
(71, 242, 'asdasdasd', 0, '2015-03-25 16:12:02', '2015-03-25 16:12:02'),
(72, 242, 'asdasdasd', 0, '2015-03-25 16:12:02', '2015-03-25 16:12:02'),
(73, 243, 'aasd a', 0, '2015-03-25 16:14:23', '2015-03-25 16:14:23'),
(74, 243, 'asd b', 0, '2015-03-25 16:14:23', '2015-03-25 16:14:23'),
(75, 243, 'asd c', 0, '2015-03-25 16:14:23', '2015-03-25 16:14:23'),
(76, 243, 'asd d', 1, '2015-03-25 16:14:23', '2015-03-25 16:14:23');

-- --------------------------------------------------------

--
-- Table structure for table `categories`
--

CREATE TABLE IF NOT EXISTS `categories` (
  `id` int(11) NOT NULL AUTO_INCREMENT,
  `name` varchar(100) NOT NULL,
  `parentId` int(11) DEFAULT NULL,
  `details` text,
  `cover` varchar(300) DEFAULT NULL,
  `type` smallint(1) DEFAULT NULL,
  `created` date NOT NULL,
  `modified` date NOT NULL,
  PRIMARY KEY (`id`)
) ENGINE=MyISAM  DEFAULT CHARSET=latin1 AUTO_INCREMENT=41 ;

--
-- Dumping data for table `categories`
--

INSERT INTO `categories` (`id`, `name`, `parentId`, `details`, `cover`, `type`, `created`, `modified`) VALUES
(1, 'BSE(Buku Sekolah Elektronik)', NULL, NULL, NULL, 1, '2014-04-03', '2014-04-03'),
(2, 'BSE Non Kemendiknas', NULL, NULL, NULL, 1, '0000-00-00', '0000-00-00'),
(3, 'Character Building', NULL, NULL, NULL, 1, '0000-00-00', '0000-00-00'),
(4, 'Life Skill', NULL, NULL, NULL, 1, '0000-00-00', '0000-00-00'),
(5, 'Komputer', NULL, NULL, NULL, 1, '0000-00-00', '0000-00-00'),
(6, 'Fiksi', NULL, NULL, NULL, 1, '0000-00-00', '0000-00-00'),
(7, 'Dokumenter Sejarah Indonesia', NULL, 'Dokumenter Sejarah Indonesia', NULL, 2, '0000-00-00', '0000-00-00'),
(8, 'IPTEK', NULL, 'IPTEK', NULL, 2, '0000-00-00', '0000-00-00'),
(9, 'Life Skill', NULL, 'Life Skill', NULL, 2, '0000-00-00', '0000-00-00'),
(10, 'Carachter Building', NULL, 'Carachter Building', NULL, 2, '0000-00-00', '0000-00-00'),
(40, 'Mata Pelajaran', NULL, NULL, NULL, 2, '2014-05-12', '2014-05-12');

-- --------------------------------------------------------

--
-- Table structure for table `pelajarans`
--

CREATE TABLE IF NOT EXISTS `pelajarans` (
  `id` int(11) NOT NULL AUTO_INCREMENT,
  `nama` varchar(50) NOT NULL,
  `alias` varchar(255) NOT NULL,
  `created` datetime NOT NULL,
  `modified` datetime NOT NULL,
  `image` varchar(255) NOT NULL DEFAULT 'bg-pelajaran-1.png',
  PRIMARY KEY (`id`)
) ENGINE=MyISAM  DEFAULT CHARSET=latin1 AUTO_INCREMENT=16 ;

--
-- Dumping data for table `pelajarans`
--

INSERT INTO `pelajarans` (`id`, `nama`, `alias`, `created`, `modified`, `image`) VALUES
(1, 'Matematika', 'matematika', '2011-11-26 02:10:08', '2011-11-26 02:10:08', 'bg-pelajaran-1.png'),
(4, 'Bahasa Indonesia', 'bahasa-indonesia', '2011-11-26 02:10:08', '2011-11-26 02:10:08', 'bg-pelajaran-4.png'),
(5, 'Bahasa Inggris', 'bahasa-inggris	', '2011-11-26 02:10:08', '2011-11-26 02:10:08', 'bg-pelajaran-2.png'),
(6, 'PPKN', 'ppkn', '2011-11-26 02:10:08', '2011-11-26 02:10:08', 'bg-pelajaran-3.png'),
(8, 'IPA', 'IPA', '2012-06-11 04:57:13', '2012-06-11 04:57:13', 'bg-pelajaran-1.png');

-- --------------------------------------------------------

--
-- Table structure for table `profiles`
--

CREATE TABLE IF NOT EXISTS `profiles` (
  `id` int(11) NOT NULL AUTO_INCREMENT,
  `name` varchar(255) NOT NULL,
  `alamat` varchar(255) NOT NULL,
  `no_tlp` varchar(32) DEFAULT NULL,
  `tgl_berdiri` year(4) NOT NULL,
  `status` tinyint(2) NOT NULL,
  `email` varchar(32) DEFAULT NULL,
  `license_key` varchar(100) DEFAULT NULL,
  `val_sync` varchar(100) DEFAULT NULL,
  `image` varchar(300) DEFAULT NULL,
  `time_ganda_mudah` int(12) NOT NULL,
  `time_ganda_sedang` int(12) NOT NULL,
  `time_ganda_sulit` int(12) NOT NULL,
  `time_essay_mudah` int(12) NOT NULL,
  `time_essay_sedang` int(12) NOT NULL,
  `time_essay_sulit` int(12) NOT NULL,
  `created` datetime NOT NULL,
  `modified` datetime NOT NULL,
  PRIMARY KEY (`id`)
) ENGINE=MyISAM  DEFAULT CHARSET=latin1 AUTO_INCREMENT=1 ;

--
-- Dumping data for table `profiles`
--

-- --------------------------------------------------------

--
-- Table structure for table `questions`
--

CREATE TABLE IF NOT EXISTS `questions` (
  `id` int(11) NOT NULL AUTO_INCREMENT,
  `quizz_id` int(32) NOT NULL,
  `question` text NOT NULL,
  `tipe` tinyint(2) NOT NULL,
  `level` int(3) NOT NULL,
  `kelas` int(3) NOT NULL,
  `pelajaran_id` int(11) NOT NULL,
  `mapel` varchar(255) NOT NULL,
  `penjelasan` text,
  `point_nilai` int(11) DEFAULT NULL,
  `answer2` text,
  `answer_a` text,
  `answer_b` text,
  `answer_c` text,
  `answer_d` text,
  `answer_e` text,
  `answer_true` tinyint(2) DEFAULT NULL,
  `images` varchar(100) DEFAULT NULL,
  `video` varchar(100) DEFAULT NULL,
  `created` datetime NOT NULL,
  `modified` datetime NOT NULL,
  PRIMARY KEY (`id`)
) ENGINE=MyISAM  DEFAULT CHARSET=latin1 AUTO_INCREMENT=945 ;

--
-- Dumping data for table `questions`
--

INSERT INTO `questions` (`id`, `quizz_id`, `question`, `tipe`, `level`, `kelas`, `pelajaran_id`, `mapel`, `penjelasan`, `point_nilai`, `answer2`, `answer_a`, `answer_b`, `answer_c`, `answer_d`, `answer_e`, `answer_true`, `images`, `video`, `created`, `modified`) VALUES
(540, 0, 'Energi jika dipakai terus akan habis. Salah satu cara untuk menghemat energi, yaitu', 1, 1, 1, 8, '', NULL, NULL, '', 'Membiarkan lampu menyala walaupun tidak dipakai', 'Membiarkan TV terus menyala walaupun tidak ditonton ', 'Mematikan lampu ruangan terus-menerus walaupun sedang membaca', 'Mematikan lampu setelah selesai belajar', NULL, 3, '', '', '2015-06-29 09:25:00', '2015-06-29 09:25:00'),
(539, 0, 'Energi listrik dapat di ubah menjadi bentuk energi lain. Kelompok alat elektronik yang mengubah energi listrik menjadi energi bunyi adalah', 1, 1, 1, 8, '', NULL, NULL, '', 'Radio, gitar listrik,dan pemanas air', 'Pengering rmbut, bor listrik, dan solder listrik', 'Radio, televisi, dan kipas angin', 'Radio, televisi, dan gitar listrik', NULL, 4, '', '', '2015-06-29 09:25:00', '2015-06-29 09:25:00'),
(538, 0, 'Cara menghemat energi listrik dalam kehidupan sehari-hari adalah', 1, 1, 1, 8, '', NULL, NULL, '', 'Menggunakan lampu berdaya besar', 'Memadamkan lampu jika tidak digunakan', 'Menggunakan AC siang dan malam', 'Memanfaatkan semua peralatan listrik terus-menerus', NULL, 4, '', '', '2015-06-29 09:25:00', '2015-06-29 09:25:00'),
(537, 0, 'Energi yang dihasilkan pada gambar di samping adalah', 1, 1, 1, 8, '', NULL, NULL, '', 'Energi listrik', 'Energi cahaya', 'Energi gerak', 'Energi bunyi', NULL, 1, 'files/quizz/2015-06-29 09:24:59/Kipas angin', '', '2015-06-29 09:25:00', '2015-06-29 09:25:00'),
(383, 0, 'Kemampuan kelalawar untuk mengetahui arah terbang', 1, 2, 1, 8, '', NULL, NULL, '', 'Adaptasi', 'Nokturnal', 'Mimikri', 'Ekolokasi', NULL, 4, '', '', '2015-06-29 09:24:59', '2015-06-29 09:24:59'),
(384, 0, 'Berikur yang tergolong hewan nokturnal adalah', 1, 2, 1, 8, '', NULL, NULL, '', 'Bunglon', 'Kelalawar', 'Kucing', 'Bebek', NULL, 2, '', '', '2015-06-29 09:24:59', '2015-06-29 09:24:59'),
(385, 0, 'Fungsi ciri-ciri khusus pada makhluk hidup adalah', 1, 2, 1, 8, '', NULL, NULL, '', 'Membantu Pertumbuhan', 'Membuat Makanan', 'Mempertahankan Lingkungan', 'Mempertahankan Hidup', NULL, 4, '', '', '2015-06-29 09:24:59', '2015-06-29 09:24:59'),
(386, 0, 'Bebebk memiliki kemampuan berenang karena', 1, 1, 1, 8, '', NULL, NULL, '', 'Memiliki badan yang ringan', 'Memiliki paruh yan panjan dan lebar', 'Memiliki kaki berselaput', 'Memiliki sepasang sayap', NULL, 3, '', '', '2015-06-29 09:24:59', '2015-06-29 09:24:59'),
(387, 0, 'Hewan di bawah ini yang menangkap mangsa menggunakan lidah yang panjang dan lengket adalah', 1, 1, 1, 8, '', NULL, NULL, '', 'Nyamuk dan lalat', 'Bunglon dan kucing', 'Bunglon dan cecak', 'Cecak dan  bebek', NULL, 3, '', '', '2015-06-29 09:24:59', '2015-06-29 09:24:59'),
(388, 0, 'Bunga teratai memiliki batang yang berongga berfungsi untuk', 1, 1, 1, 8, '', NULL, NULL, '', 'Menyerap air', 'Mempercepat penguapan', 'Menyimpan cadangan makanan', 'Menyimpan udara', NULL, 4, '', '', '2015-06-29 09:24:59', '2015-06-29 09:24:59'),
(389, 0, 'Tumbuhan yang dapat mengeluarkan bau busuk adalah', 1, 1, 1, 8, '', NULL, NULL, '', 'Raflesia arnoldi', 'Kaktus', 'Teratai', 'Putri malu', NULL, 1, '', '', '2015-06-29 09:24:59', '2015-06-29 09:24:59'),
(390, 0, 'Fungsi akar yang panjang pada tumbuhan kaktus adalah', 1, 1, 1, 8, '', NULL, NULL, '', 'Mengurangi penguapan', 'Tempat cadangan udara', 'Mencari air di dalam tanah', 'Menyimpan cadangan air', NULL, 3, '', '', '2015-06-29 09:24:59', '2015-06-29 09:24:59'),
(391, 0, 'Punuk unta berfungsi sebagai', 1, 1, 1, 8, '', NULL, NULL, '', 'Menyimpan cadangan air dan makanan', 'Melindungi tubuh dari panas matahari', 'Tmpat perpegangan bagi penunggangnya', 'Berjalan lama di gurun pasir', NULL, 1, '', '', '2015-06-29 09:24:59', '2015-06-29 09:24:59'),
(392, 0, 'Kantun semar dapat menarik perhatian serangga karena memiliki', 1, 2, 1, 8, '', NULL, NULL, '', 'Nektra', 'Bau menyengat', 'Daun licin', 'Daun lebar', NULL, 1, '', '', '2015-06-29 09:24:59', '2015-06-29 09:24:59'),
(393, 0, 'Kelalawar tidak menabrak pepohonan pada saat terbang malam hari karena', 1, 2, 1, 8, '', NULL, NULL, '', 'Memiliki mata yang tajam', 'Memiliki kemampuan autotomi', 'Memiliki kemampuan mimikri', 'Memiliki kemampuan ekolokasi', NULL, 4, '', '', '2015-06-29 09:24:59', '2015-06-29 09:24:59'),
(394, 0, 'Telapak kaki cecak yang berbentuk aris berfungsi untuk', 1, 2, 1, 8, '', NULL, NULL, '', 'Mencengkram mangsa', 'Alat pelekat saat merayap', 'Menghindari mangsa', 'Mengejar mangsa', NULL, 2, '', '', '2015-06-29 09:24:59', '2015-06-29 09:24:59'),
(395, 0, 'Contoh tumbuhan insektivora adalah', 1, 2, 1, 8, '', NULL, NULL, '', 'Kantung semar', 'Teratai', 'Kaktus', 'Putri malu', NULL, 1, '', '', '2015-06-29 09:24:59', '2015-06-29 09:24:59'),
(396, 0, 'Berikut ini pertanyaan yang benar mengenai fungsi ciri khusus pada hewan, kecuali', 1, 2, 1, 8, '', NULL, NULL, '', 'Bagian menonjol dan berbentuk garis pada telapak kaki cecak berfungsi sebagai alat pelekat saat merayap', 'Bunglon mengubah warna tubuhnya untuk mengelabuhi musuhnya', 'Kelalawar beraktifitas pada siang hari dan beristirahat pada malam hari', 'Bebek memiliki kaki berselaput untuki membantu pada saat berenang', NULL, 3, '', '', '2015-06-29 09:24:59', '2015-06-29 09:24:59'),
(397, 0, 'Ciri khusus cecak ketika dikejar oleh pemangsanya adalah', 1, 1, 1, 8, '', NULL, NULL, '', 'Berlari cepat', 'Berubah warna', 'Memutuskan ekornya', 'Mengeluarkan cairan tinta', NULL, 3, '', '', '2015-06-29 09:24:59', '2015-06-29 09:24:59'),
(398, 0, 'Jelaskan alasan mengapa makhluk hidup memiliki ciri-ciri khusus!', 2, 2, 1, 8, '', NULL, NULL, '1. Menyesuaikan diri dengan lingkungan\n2. Membantu dalam mencari makanan\n3. Melindungi diri dari musuh', '', '', '', '', NULL, NULL, '', '', '2015-06-29 09:24:59', '2015-06-29 09:24:59'),
(399, 0, 'Sebutkan ciri-ciri khusus yang dimiliki tumbuhan kaktus!', 2, 2, 1, 8, '', NULL, NULL, '1. Memiliki daun yang kecil-kecil seperti duri\n2. Memiliki batang tebal, berair dan berlapis lilin, yang berfungsiuntuk menyimpan cadangan air\n3. Memiliki akar yang panjang, yang berfungsi untuk mencari sumber air di dalam tanah.', '', '', '', '', NULL, NULL, '', '', '2015-06-29 09:24:59', '2015-06-29 09:24:59'),
(400, 0, 'Jelaskan mengapa cecak dapat merayap di dinding!', 2, 2, 1, 8, '', NULL, NULL, 'Cecak mempunyai kaki yang dilengkapi alat pelekat sehingga dapat melekat dan merayap di dinding', '', '', '', '', NULL, NULL, '', '', '2015-06-29 09:24:59', '2015-06-29 09:24:59'),
(401, 0, 'Mengapa saat berenang di air bulu bebek tidak basah', 2, 2, 1, 8, '', NULL, NULL, 'Bulu bebek mengandung lapisan minyak yang membuat bulu bebek tidak basah saat berenang', ' ', '', '', '', NULL, NULL, '', '', '2015-06-29 09:24:59', '2015-06-29 09:24:59'),
(402, 0, 'Apa yang dimaksud dengan insektivora', 2, 2, 1, 8, '', NULL, NULL, 'Insektivora adalah makhluk hidup yang menggunakan seranga sebagai makanannya', '', '', '', '', NULL, NULL, '', '', '2015-06-29 09:24:59', '2015-06-29 09:24:59'),
(403, 0, 'Mahkluk hidup dapat melestarikan keturunannya dengan cara', 1, 1, 1, 8, '', NULL, NULL, '', 'Tumbuh dan berkembang biak', 'Peka terhadap rangsangan', 'Berkembang biak', 'Menyesuaikan diri dengan lingkunga', NULL, 3, '', '', '2015-06-29 09:24:59', '2015-06-29 09:24:59'),
(404, 0, 'Ciri khusus seorang laki-laki yan memasuki masa puber adalah', 1, 1, 1, 8, '', NULL, NULL, '', 'Pinggul tumbuh lebih lebar', 'Tumbuh rambut di kepala', 'Otot-otot tangannya bertambah kuat', 'Suara bertambah berat', NULL, 2, '', '', '2015-06-29 09:24:59', '2015-06-29 09:24:59'),
(405, 0, 'Perkembangan makhluk hidup yang berdasarkan pembuahan oleh sel kelamin jantan dan betina disebut perkembangbiakan secara', 1, 2, 1, 8, '', NULL, NULL, '', 'Vegetatif', 'Generatif', 'Tunas', 'Membelah diri', NULL, 4, '', '', '2015-06-29 09:24:59', '2015-06-29 09:24:59'),
(406, 0, 'Salah satu ciri khusus seorang perempuan yang memasuki masa puber adalah', 1, 2, 1, 8, '', NULL, NULL, '', 'Tumbuh jakun', 'Suara terdengar berat', 'Mengalami mimpi basah', 'Mengalamin menstruasi', NULL, 4, '', '', '2015-06-29 09:24:59', '2015-06-29 09:24:59'),
(407, 0, 'Pada alat perkembangbiakan perempuan, sel telur (ovum) di produksi di bagian', 1, 2, 1, 8, '', NULL, NULL, '', 'Rahim', 'Testis', 'Ovarium', 'Vagina', NULL, 3, '', '', '2015-06-29 09:24:59', '2015-06-29 09:24:59'),
(408, 0, 'Hewan -hewan dibawah ini yang termasuk dalam golongan ovipar adalah', 1, 1, 1, 8, '', NULL, NULL, '', 'Gajah, kucing, dan kura-kura', 'Kuda, kerbau, dan ular', 'Kelinci, sapi, dan kambing', 'Ayam, katak, dan burung', NULL, 4, '', '', '2015-06-29 09:24:59', '2015-06-29 09:24:59'),
(409, 0, 'Hewan dibawah ini yang berkembang biak dengan cara membelah diri adalah', 1, 1, 1, 8, '', NULL, NULL, '', 'Katak', 'Ular', 'Protozoa', 'Kelinci', NULL, 3, '', '', '2015-06-29 09:24:59', '2015-06-29 09:24:59'),
(410, 0, 'Hewan yang tergolong ovivivipar adalah', 1, 2, 1, 8, '', NULL, NULL, '', 'Kadal', 'Ayam', 'Kura-kura', 'Katak', NULL, 1, '', '', '2015-06-29 09:24:59', '2015-06-29 09:24:59'),
(411, 0, 'Bagian bunga yang berfungsi sebagai alat kelamin betina tumbuhan adalah', 1, 2, 1, 8, '', NULL, NULL, '', 'Putik', 'Benang sari', 'Mahkota bunga', 'Biji', NULL, 1, '', '', '2015-06-29 09:24:59', '2015-06-29 09:24:59'),
(412, 0, 'Perkembangbiakan pada tumbuhan bersel satu menggunakan', 1, 1, 1, 8, '', NULL, NULL, '', 'Cangkok', 'Spora', 'Stek', 'Kultur jaringan', NULL, 2, '', '', '2015-06-29 09:24:59', '2015-06-29 09:24:59'),
(413, 0, 'Salah satu hewan yang berkembangbiak dengan tunas adalah', 1, 2, 1, 8, '', NULL, NULL, '', 'Katak', ' Amoeba', 'Hydra', 'Bintang laut', NULL, 3, '', '', '2015-06-29 09:24:59', '2015-06-29 09:24:59'),
(414, 0, 'Salah satu ciri hewan ovipar adalah', 1, 2, 1, 8, '', NULL, NULL, '', 'Berkembang biak secara melahirkan', 'Induk betina menyusui anaknya', 'Mengalami masa kehamilan', 'Tidak memiliki kelenjar susu', NULL, 4, '', '', '2015-06-29 09:24:59', '2015-06-29 09:24:59'),
(415, 0, 'Sel kelamin jantan dan betina betemu membentuk', 1, 1, 1, 8, '', NULL, NULL, '', 'Embrio', 'Zigot', 'Pembuahan', 'Janin', NULL, 2, '', '', '2015-06-29 09:24:59', '2015-06-29 09:24:59'),
(416, 0, 'sel sperma pada alat kelamin pria diproduksi pada bagian', 1, 2, 1, 8, '', NULL, NULL, '', 'Ovarium', 'Testis', 'Penis', 'Rahim', NULL, 2, '', '', '2015-06-29 09:24:59', '2015-06-29 09:24:59'),
(417, 0, 'Berikut ini pernyatan yang benar adalah', 1, 2, 1, 8, '', NULL, NULL, '', 'Kelalawar berkembang biak dengan cara bertelur', 'Seorang wanita yang memasuki masa puber akan mengalami mimpi basah', 'Hewan vivipar tidak mempunyai daun telinga dan menyusui anaknya', 'Hewan ovivivipar menetaskan anaknya dari telur di dalam tubuh', NULL, 4, '', '', '2015-06-29 09:24:59', '2015-06-29 09:24:59'),
(418, 0, 'Sebutkan macam-macam penyerbukan', 2, 2, 1, 8, '', NULL, NULL, '1. penyerbukan sendiri\n2. Penyerbukan tetangga\n3. Penyerbukan silang\n4. Penyerbukan bastar', '', '', '', '', NULL, NULL, '', '', '2015-06-29 09:24:59', '2015-06-29 09:24:59'),
(419, 0, 'Keuntungan apa saja yang akan kita peroleh dari mencangkok tumbuhan?', 2, 2, 1, 8, '', NULL, NULL, '1. Tanaman hasil cangkokan lebih cepat berbuah\n2. Tanaman hasil cangkokan umumnya berbatan pendek', '', '', '', '', NULL, NULL, '', '', '2015-06-29 09:24:59', '2015-06-29 09:24:59'),
(420, 0, 'Sebutkan perbedaan ciri-ciri hewan yang tergolong ovipar dan hewan vivipar!', 2, 2, 1, 8, '', NULL, NULL, '1. Hewan ovipar tidak mempunyai dauntelinga, sedangkan hewan vivipar mempunyai daun telinga\n2 Hewan ovopar tidak mempunyai kelenjar susu, sedangkan hewan vivipar memiliki kelenjar susu.', '', '', '', '', NULL, NULL, '', '', '2015-06-29 09:24:59', '2015-06-29 09:24:59'),
(421, 0, 'Sebutkan tiga perkembangbiakan secara vegetatif pada tumbuhan', 2, 2, 1, 8, '', NULL, NULL, 'Perkembangan vegetatif tumbuhan, antara lain dengan cara tunas, spora, dan umbi', '', '', '', '', NULL, NULL, '', '', '2015-06-29 09:24:59', '2015-06-29 09:24:59'),
(422, 0, 'Apa tujuan okulasi pada tumbuhan', 2, 2, 1, 8, '', NULL, NULL, 'Tujuan okulasi adalah menggabungkan dua jenis sifat unggul dari dua jenis tanaman yang berbeda menjadi satu individu baru.', '', '', '', '', NULL, NULL, '', '', '2015-06-29 09:24:59', '2015-06-29 09:24:59'),
(423, 0, 'Suatu kosistem dikatakan seimbang jika', 1, 1, 1, 8, '', NULL, NULL, '', 'Banyaknya hewan dan tumbuhan seimbang', 'Komposisi antara komponen biotik dan komponen abiotik seimbang', 'Jumlah makanan lebih banyak daripada jumlah hewan dan tumbuhan', 'Jumlah tumbuhan lebih banyak daripada jumlah hewan', NULL, 2, '', '', '2015-06-29 09:24:59', '2015-06-29 09:24:59'),
(424, 0, 'Kegiatan yang menyebabkan lingkungan menjadi tidak seimbang adalah', 1, 1, 1, 8, '', NULL, NULL, '', 'Menebang pohon sistem tebang pilih', 'Membatasi penggunaan plastik', 'Membangung rumah di darah resapan air', 'Mengolah limbah sebelum dibuang', NULL, 3, '', '', '2015-06-29 09:24:59', '2015-06-29 09:24:59'),
(425, 0, 'Makhluk hidup yang tidak termasuk anggota ekosistem hutan adalah', 1, 1, 1, 8, '', NULL, NULL, '', 'Pohon jati', 'Harimau', 'Padi', 'Orangutan', NULL, 3, '', '', '2015-06-29 09:24:59', '2015-06-29 09:24:59'),
(426, 0, 'Menurunya jumlah flora di Indonesia karena penebangan liar maka perlu diadakan', 2, 1, 1, 8, '', NULL, NULL, ' ', 'Suaka margasatwa', 'Apotek hidup', 'Kebun botani', 'Hutan belantara', NULL, 3, '', '', '2015-06-29 09:24:59', '2015-06-29 09:24:59'),
(427, 0, 'Paus, hiu, dan cumi-cumi merupakan contoh hewan yang berasal dari ekosistem', 1, 1, 1, 8, '', NULL, NULL, '', 'Laut', 'Sawah', 'Sungai', 'Danau', NULL, 1, '', '', '2015-06-29 09:24:59', '2015-06-29 09:24:59'),
(428, 0, 'Akibat buruk yang ditimbulkan oleh penebangan hutang secara liar adalah', 1, 1, 1, 8, '', NULL, NULL, '', 'Tersedianya kayu', 'Harga kayu murah', 'Tanah longsor', 'Tersedianya air', NULL, 3, '', '', '2015-06-29 09:24:59', '2015-06-29 09:24:59'),
(429, 0, 'Bentuk pelestarian flora adalah', 1, 1, 1, 8, '', NULL, NULL, '', 'Mengadakan suaka margasatwa', 'Mengadakan undang-undang perburuan', 'Mengadakan penghijauan', 'Membangun penangkaran hewan langka', NULL, 3, '', '', '2015-06-29 09:24:59', '2015-06-29 09:24:59'),
(430, 0, 'Kerusakan lingkungan yang diakibatkan gelombang air laut adalah', 1, 1, 1, 8, '', NULL, NULL, '', 'Erosi', 'Abrasi', 'Deflasi', 'Banjir', NULL, 2, '', '', '2015-06-29 09:24:59', '2015-06-29 09:24:59'),
(431, 0, 'Pemanfaatan sumber daya tumbuhan, yaitu', 1, 1, 1, 8, '', NULL, NULL, '', 'Madu sebagai obat', 'Telur ayam sebagai lauk', 'Kain sutra sebagai bahan pakaian', 'Pembuatan meja dan kursi kayu', NULL, 4, '', '', '2015-06-29 09:24:59', '2015-06-29 09:24:59'),
(432, 0, 'Pupuk yang berasal dari tumbuhan disebut', 1, 1, 1, 8, '', NULL, NULL, '', 'Pupuk kandang', 'Pupuk Kompos', 'Urea', 'Pupuk nitrogen', NULL, 4, '', '', '2015-06-29 09:24:59', '2015-06-29 09:24:59'),
(433, 0, 'Jenis tumbuhan yang digunakan manusia untuk membuat meja dan kursi adalah', 1, 1, 1, 8, '', NULL, NULL, '', 'Bambu', 'Meranti', 'Jambu', 'Kelapa', NULL, 2, '', '', '2015-06-29 09:24:59', '2015-06-29 09:24:59'),
(434, 0, 'Faktor yang dapat mengubah keseimbangan ekosistem yang murni berasal dari peristiwa alam, kecuali', 1, 1, 1, 8, '', NULL, NULL, '', 'Gunung meletus', 'Tsunami', 'Gempa bumi', 'Tanah longsor', NULL, 2, '', '', '2015-06-29 09:24:59', '2015-06-29 09:24:59'),
(435, 0, 'Lava bercampur air dingin yang merusak rumah-rumah di daerah sekitar aliran sungai disebut', 1, 1, 1, 8, '', NULL, NULL, '', 'Magma', 'Lava dingin', 'Lahar dingin', 'Lahar panas', NULL, 3, '', '', '2015-06-29 09:24:59', '2015-06-29 09:24:59'),
(436, 0, 'Berikut ini yang termasuk ekosistem alami adalah', 1, 1, 1, 8, '', NULL, NULL, '', 'Akuarium', 'Tambak ikan', 'Sawah', 'Danau', NULL, 4, '', '', '2015-06-29 09:24:59', '2015-06-29 09:24:59'),
(437, 0, 'Tempat perlindungan khusus hewan langka adalah', 1, 1, 1, 8, '', NULL, NULL, '', 'Suaka margasatwa', 'Cagar alam', 'Taman nasional', 'Hutan belantara', NULL, 1, '', '', '2015-06-29 09:24:59', '2015-06-29 09:24:59'),
(438, 0, 'Tuliskan cara-cara menjaga keseimbangan ekosistem tumbuhan', 2, 2, 1, 8, '', NULL, NULL, '1. Melakukan reboisasi (penanaman kembali hutan yang gundul)\n2. Mencegah terjadinya kebakaran hutan\n3. Melakukan penebangan dengan sistem tebang pilih\n4. Melakukan aforestasi, yaitu menghutankan daerah yang bukan hutan untuk mengganti hutan yang punah\n', '', '', '', '', NULL, NULL, '', '', '2015-06-29 09:24:59', '2015-06-29 09:24:59'),
(439, 0, 'Sebutkan lima faktor pengubah keseimbangan ekosistem yang berasal dari ulah tangan manusia', 2, 2, 1, 8, '', NULL, NULL, '1. Penebangan hutan\n2. Ahli fungsi lahan hutan menjadi perumahan\n3. Pembakaran hutan\n4. Perburuan hewan langka dan tumbuhan langka\n5. Membuang sampah sembarangan', '', '', '', '', NULL, NULL, '', '', '2015-06-29 09:24:59', '2015-06-29 09:24:59'),
(440, 0, 'Sebutkan tiga manfaat dari terumbu karang', 2, 2, 1, 8, '', NULL, NULL, '1. Tempat tinggal dan perlindungan berbaai jenis ikan dan hewan laut\n2. Melindungi tepi pantai dari gelombang ombak yan sangat besar\n3.  Objek wisata yang menarik karena warna terumbu karang yang indah', '', '', '', '', NULL, NULL, '', '', '2015-06-29 09:24:59', '2015-06-29 09:24:59'),
(441, 0, 'Sebutkan tiga contoh manfaat hewan bagi manusia!', 2, 2, 1, 8, '', NULL, NULL, '1. Sumber makanan, misalnya : daging, telur, ikan, susu, dan mentega\n2. Sumber obat-obatan, misalnya : madu dan ginseng\n3. Bahan pakaian, misalnya : benang dari ulat sutra.', '', '', '', '', NULL, NULL, '', '', '2015-06-29 09:24:59', '2015-06-29 09:24:59'),
(442, 0, 'Kegiatan manusia berikut ini yang dapat merusak kelestarian lingkungan adalah', 1, 2, 1, 8, '', NULL, NULL, '', 'Tebang pilih', 'Reboisasi', 'Pemberian pupuk secara teratur dan berlebihan', 'Pembuatan cagar alam', NULL, 3, '', '', '2015-06-29 09:24:59', '2015-06-29 09:24:59'),
(443, 0, 'Kepunahan hewan dan tumbuhan dalam skala besar dapat menyebabkan dampak negatif bagi manusia, yaitu', 1, 1, 1, 8, '', NULL, NULL, '', 'Keanekaragaman hayati bertambah', 'Hilangnya kesuburan tanah', 'Terjadinya banjir', 'Hilangnya sumber makanan', NULL, 4, '', '', '2015-06-29 09:24:59', '2015-06-29 09:24:59'),
(444, 0, 'Berikut ini merupakan hewan yang tidak terancam punah, yaitu', 1, 2, 1, 8, '', NULL, NULL, '', 'Kera', 'Harimau sumatera', 'Orangutan', 'Badak bercula satu', NULL, 1, '', '', '2015-06-29 09:24:59', '2015-06-29 09:24:59'),
(445, 0, 'Tumbuhan yang dapat digunakan sebagai bahan pembuat parfum adalah', 1, 1, 1, 8, '', NULL, NULL, '', 'Bunga bangkai', 'Meranti', 'Cendana', 'Amporphophallus titanium', NULL, 3, '', '', '2015-06-29 09:24:59', '2015-06-29 09:24:59'),
(446, 0, 'Hewan langka yang merupakan ciri khas pulau papua adalah', 1, 2, 1, 8, '', NULL, NULL, '', 'Badak bercula satu', 'Cenderawasi', 'Harimau', 'Gajah', NULL, 2, '', '', '2015-06-29 09:24:59', '2015-06-29 09:24:59'),
(447, 0, 'Hewan yan diburu untuk diambil culanya adalah', 1, 1, 1, 8, '', NULL, NULL, '', 'Badak', 'Anoa', 'Harimau', 'Gajah', NULL, 1, '', '', '2015-06-29 09:24:59', '2015-06-29 09:24:59'),
(448, 0, 'Usaha untuk melestarikan makhluk hidup yang dilakukan oleh pemerintah adalah dengan membuat tempat-tempat berikut, kecuali', 1, 1, 1, 8, '', NULL, NULL, '', 'Hutan produksi', 'Hutan lindung', 'Cagar alam', 'Suaka margasatwa', NULL, 1, '', '', '2015-06-29 09:24:59', '2015-06-29 09:24:59'),
(449, 0, 'Taman nasional Way Kambas  terdapat dipulau', 1, 1, 1, 8, '', NULL, NULL, '', 'Jawa', 'Sumatera', 'Kalimantan', 'Papua', NULL, 2, '', '', '2015-06-29 09:24:59', '2015-06-29 09:24:59'),
(450, 0, 'Hewan yang diburu untuk diambil kulitnya asalah', 1, 2, 1, 8, '', NULL, NULL, '', 'Badak', 'Buaya', 'Gajah', 'Rusa', NULL, 2, '', '', '2015-06-29 09:24:59', '2015-06-29 09:24:59'),
(451, 0, 'Salah satu contoh pelestarian secara ex situ adalah', 1, 1, 1, 8, '', NULL, NULL, '', 'Taman safari', 'Suaka wargasatwa', 'Taman nasional', 'Hutan lindung', NULL, 1, '', '', '2015-06-29 09:24:59', '2015-06-29 09:24:59'),
(452, 0, 'Hewan dibawah ini yang termasuk langka adalah', 1, 1, 1, 8, '', NULL, NULL, '', 'Burung merpati', 'Burung cenderawasi', 'Kerbau', 'Kuda', NULL, 2, '', '', '2015-06-29 09:24:59', '2015-06-29 09:24:59'),
(453, 0, 'Tumbuhan dibawah ini yang merupakan tumbuhan langka adalah', 1, 1, 1, 8, '', NULL, NULL, '', 'Eceng gondok', 'Pohon cendana', 'Pohon mangga', 'Kaktus', NULL, 2, '', '', '2015-06-29 09:24:59', '2015-06-29 09:24:59'),
(454, 0, 'Taman nasional yang terletak di pulau jawa adalah', 1, 1, 1, 8, '', NULL, NULL, '', 'Komodo', 'Way Kambas', 'Balura', 'Bunaken', NULL, 3, '', '', '2015-06-29 09:24:59', '2015-06-29 09:24:59'),
(455, 0, 'Hewan komodo hanya hidup di pulau komodo. Pulau komodo terletak di Provinsi', 1, 1, 1, 8, '', NULL, NULL, '', 'Nusa Tenggara Timur', 'Nusa Tenggara Barat', 'Kalimantan Barat', 'Kalimantan Timur', NULL, 1, '', '', '2015-06-29 09:24:59', '2015-06-29 09:24:59'),
(456, 0, 'Tempat pelestarian berikut ini yang mengandung ekosistem asli adalah', 1, 1, 1, 8, '', NULL, NULL, '', 'Taman nasional', 'Kebun binatang', 'Kebun botani', 'Suaka margasatwa', NULL, 1, '', '', '2015-06-29 09:24:59', '2015-06-29 09:24:59'),
(457, 0, 'Jelaskan bagaimana suatu tumbuhan atau hewan dikatakan hampir punah?', 2, 1, 1, 8, '', NULL, NULL, 'Suatu hewan atau tumbuhan dikatakan punah apabila jumlah populasiya tinggal sedikit dan terus menurun jumlahnya', '', '', '', '', NULL, NULL, '', '', '2015-06-29 09:24:59', '2015-06-29 09:24:59'),
(458, 0, 'Tuliskan cara menanggulangi perburuan hewan', 2, 2, 1, 8, '', NULL, NULL, '1. Membuat undang-undang yang mengatur perburuan liar\n2.Membuat suaka margasatwa untuk melindungi hewan yang terancam punah\n3. Melarang adanya perburuan liar', '', '', '', '', NULL, NULL, '', '', '2015-06-29 09:24:59', '2015-06-29 09:24:59'),
(459, 0, 'Sebutkan masing-masing tiga contoh hewan dan tumbuhan yang tergolong langka!', 2, 2, 1, 8, '', NULL, NULL, 'Hewan yang terglong langka, antara lain: badak bercula satu, orang utan, dan anoa\nTumbuhan yang tergolong langka, antara lain : raflesia arnoldi, pohon cendana, dan poon jati.', '', '', '', '', NULL, NULL, '', '', '2015-06-29 09:24:59', '2015-06-29 09:24:59'),
(460, 0, 'Sebutkan tiga sebab terjadinya kelangkaan hewan dan tumbuhan!', 2, 2, 1, 8, '', NULL, NULL, '1. Adanya perburuan hewan dan tumbuhan tertentu secara besar-besaran.\n2. Lamanya waktu berkembang biak hewan dan tumbuhan tertentu\n3. Rusaknya habitat hidup tumbuhan dan hewan tertentu', '', '', '', '', NULL, NULL, '', '', '2015-06-29 09:24:59', '2015-06-29 09:24:59'),
(461, 0, 'Apa tujuan pemerintah membuat undang-undang tentang perburuan', 2, 2, 1, 8, '', NULL, NULL, 'Tujuan dibuatnya undang-undang perburuan hewan adalah untuk melindungi hewan yang terancam punah akibat perburuan liar.', '', '', '', '', NULL, NULL, '', '', '2015-06-29 09:24:59', '2015-06-29 09:24:59'),
(462, 0, 'Benda yang dapat menghantar panas disebut', 1, 2, 1, 8, '', NULL, NULL, '', 'Konduktor', 'Reaktor', 'Isolator', 'Generator', NULL, 1, '', ' ', '2015-06-29 09:24:59', '2015-06-29 09:24:59'),
(463, 0, 'Salah satu ujung benda  A didekatkan pada suatu sumber panas. Ketika seseorang memegang ujung benda yang lain dia ternyata tidak mengalami kepanasan maka kemungkinan benda A tersebut adalah', 1, 1, 1, 8, '', NULL, NULL, '', 'Batang besi', 'Sendok', 'Panci', 'Kayu', NULL, 4, '', '', '2015-06-29 09:24:59', '2015-06-29 09:24:59'),
(464, 0, 'Berikut adalah kelompok benda-benda yang termasuk isolator adalah', 1, 1, 1, 8, '', NULL, NULL, '', 'Tas, sepatu, dan buku', 'Uang logam, paku, dan sendok logam', 'Wajan, buku, dan panci', 'Taplak meja, buku, dan wajan', NULL, 1, '', '', '2015-06-29 09:24:59', '2015-06-29 09:24:59'),
(465, 0, 'Berikut adalah kelompok benda-benda yang termasuk konduktor adalah', 1, 2, 1, 8, '', NULL, NULL, '', 'Tas, sepatu, dan buku', 'Uang logam, paku, dan sendok logam', 'Wajan, buku, dan panci', 'Taplak meja, buku, dan wajan', NULL, 2, '', '', '2015-06-29 09:24:59', '2015-06-29 09:24:59'),
(466, 0, 'Berikut ini kegunaan karet pada pegangan panci, yaitu', 2, 2, 1, 8, '', NULL, NULL, ' ', 'Sebagai penahan panas', 'Sebagai penghantar panas', 'Agar panci lebih mahal', 'Agar panci lebih bagus', NULL, 1, '', '', '2015-06-29 09:24:59', '2015-06-29 09:24:59'),
(467, 0, 'Perpindahan panas dari suatu benda ke benda yang lain disebut', 1, 1, 1, 8, '', NULL, NULL, '', 'Konduktor', 'Konduksi', 'Perambatan', 'Isolator', NULL, 3, '', '', '2015-06-29 09:24:59', '2015-06-29 09:24:59'),
(468, 0, 'Berikut ini adalah alat-alat yang dapat menghasilkan energi panas, kecuali', 1, 1, 1, 8, '', NULL, NULL, '', 'Kompor gas ', 'Solder', 'Setrika', 'Penyejuk ruangan', NULL, 4, '', '', '2015-06-29 09:24:59', '2015-06-29 09:24:59'),
(469, 0, 'Air panas akan dimasukkan ke dalam gelas, plastik, gelas kaca, dan gelas kayu. Gela yang dapat membuat air panas bertahan lama adalah gelas yang terbuat dari', 1, 1, 1, 8, '', NULL, NULL, '', 'Plastik', 'Kaca', 'Kayu', 'Kaca dan plastik', NULL, 2, '', '', '2015-06-29 09:24:59', '2015-06-29 09:24:59'),
(470, 0, 'Air panas yang didiamkan di dalam panci lama-kelamaan akan dingin. Hal ini disebabkan', 1, 1, 1, 8, '', NULL, NULL, '', 'Terjadinya perpindahan panas dari air ke udara', 'Terjadinya perpindahan panas dari udara ke air panas', 'Panci tidak ditutup', 'Terjadinya perpindahan panas dari panas ke pegangan panci', NULL, 1, '', '', '2015-06-29 09:24:59', '2015-06-29 09:24:59'),
(471, 0, 'Benda yang cepat terasa panas jika didekatkan dengan api adalah', 2, 1, 1, 8, '', NULL, NULL, ' ', 'Kunci', 'Pensil', 'Sendok plastik', 'Handuk', NULL, 1, '', '', '2015-06-29 09:24:59', '2015-06-29 09:24:59'),
(472, 0, 'Mengapa alat masak biasanya terbuat dari bahan logam', 1, 1, 1, 8, '', NULL, NULL, '', 'Karena logam dapat membuat alat masak awet', 'Karena logam dapat menghantar panas ', 'Karena logam dapat menghambat panas', 'Karena logam membuat alat masak tahan banting', NULL, 2, '', '', '2015-06-29 09:24:59', '2015-06-29 09:24:59'),
(473, 0, 'Dibawah ini pernyataan yang benar mengenai konduktor, kecuali', 1, 1, 1, 8, '', NULL, NULL, '', 'Konduktor mampu menghantarkan panas', 'Benda konduktor dapat terbuat dari aluminium', 'Alat masak terbuat dari bahan konduktor', 'Konduktor banyak terbuat dari bahan karet', NULL, 4, '', '', '2015-06-29 09:24:59', '2015-06-29 09:24:59'),
(474, 0, 'Apabila suatu benda didekatkan dengan sumber panas, kemudian menjadi panas maka benda tersebut termasuk', 1, 1, 1, 8, '', NULL, NULL, '', 'Reaktor panas', 'Generator panas', 'Kondoktor Panas', 'Isolator panas', NULL, 3, '', '', '2015-06-29 09:24:59', '2015-06-29 09:24:59'),
(475, 0, 'Sifat aluminium yang dimanfaatkan untuk peralatan dapur adalah', 1, 1, 1, 8, '', NULL, NULL, '', 'Lembek', 'Dapat menghantar panas', 'Lentur', 'Dapat menahan panas', NULL, 2, '', '', '2015-06-29 09:24:59', '2015-06-29 09:24:59'),
(476, 0, 'Tujuan air panas dapat dimasukkan ke Dalam termos adalah', 1, 1, 1, 8, '', NULL, NULL, '', 'Agar air tidak tumpah', 'Menjaga air tetap panas', 'Agar air cepat dingin', 'Menjaga kebersihan air', NULL, 2, '', '', '2015-06-29 09:24:59', '2015-06-29 09:24:59'),
(477, 0, 'Sebutkan benda-benda yang menggunakan baha konduktor da isolator secara bersamaan!', 2, 1, 1, 8, '', NULL, NULL, 'Setrika, panci dan termos', '', '', '', '', NULL, NULL, '', '', '2015-06-29 09:24:59', '2015-06-29 09:24:59'),
(478, 0, 'Mengapa pakaian berwarna hitam lebih cepat kering jika dijemur?', 2, 1, 1, 8, '', NULL, NULL, 'Warna hitam lebih banyak menyerap panas matahari dibandingkan dengan warna lainnya.', '', '', '', '', NULL, NULL, '', '', '2015-06-29 09:24:59', '2015-06-29 09:24:59'),
(479, 0, 'Jelaskan mengapa air panas yang dimasukkan kedalam termos akan terjaga suhu panasnya?', 2, 2, 1, 8, '', NULL, NULL, 'Karena didalam termos terdapat lapisan kaca dan ruang hampa yang bersifat memantulkan panas sehingga air yang dimasukkan di dalamnya akan terjaga suhu panasnya', '', '', '', '', NULL, NULL, '', '', '2015-06-29 09:24:59', '2015-06-29 09:24:59'),
(480, 0, 'Jelaskan kegunaan pegangan karet pada panci!', 2, 2, 1, 8, '', NULL, NULL, 'Pegangan karet pada panci bersifat isolator yang dapat menghambat panas sehingga berguna agar sewaktu panci dalam keadaan panas kita dapat memegang melalui karet tersebut', '', '', '', '', NULL, NULL, '', '', '2015-06-29 09:24:59', '2015-06-29 09:24:59'),
(481, 0, 'Jelaskan bagian setrika yan berfungsi sebagai konduktor dan isolator', 2, 2, 1, 8, '', NULL, NULL, 'Bagian setrika yang bersifat konduktor adalah bagian lapisan bawah setrika, sedangkan bagian pegangan atas setrika dan lapisan kabel setrika bersifat isolator panas', '', '', '', '', NULL, NULL, '', '', '2015-06-29 09:24:59', '2015-06-29 09:24:59'),
(482, 0, 'Berikut ini yang bukan merupakan perubahan pada benda adalah', 1, 1, 1, 8, '', NULL, NULL, '', 'Pendinginan', 'Pelapukan', 'Pembusukan', 'Perkaratan', NULL, 1, '', '', '2015-06-29 09:24:59', '2015-06-29 09:24:59'),
(483, 0, 'Apabila logam bereaksi dengan air dan udara maka terjadi', 1, 1, 1, 8, '', NULL, NULL, '', 'Pelapukan', 'Perkaratan', 'Pelarutan', 'Pembusukan', NULL, 2, '', '', '2015-06-29 09:24:59', '2015-06-29 09:24:59'),
(484, 0, 'Pelapukan yang terjadi akibat hujan asam disebut pelapukan', 1, 1, 1, 8, '', NULL, NULL, '', 'Batuan', 'Biologi', 'Kimia', 'Fisika', NULL, 3, '', '', '2015-06-29 09:24:59', '2015-06-29 09:24:59'),
(485, 0, 'Perkaratan pada besi dengan mudah akan terjadi apabila besi bersentuhan langsung dengan', 1, 1, 1, 8, '', NULL, NULL, '', 'Cahaya', 'Kayu', 'Tanah', 'Air', NULL, 4, '', '', '2015-06-29 09:24:59', '2015-06-29 09:24:59'),
(486, 0, 'Hewan yang dapat membuat kayu menjadi keropos adalah', 1, 1, 1, 8, '', NULL, NULL, '', 'Nyamuk', 'Lalat', 'Semut', 'Rayap', NULL, 4, '', '', '2015-06-29 09:25:00', '2015-06-29 09:25:00'),
(487, 0, 'Jamur dan bakteri biasanya hidup di tempat yang', 1, 1, 1, 8, '', NULL, NULL, '', 'Kering', 'Panas', 'Gelap', 'Lembab', NULL, 4, '', '', '2015-06-29 09:25:00', '2015-06-29 09:25:00'),
(488, 0, 'Dibawah ini adalah penyebab pelapukan fisika, kecuali', 1, 1, 1, 8, '', NULL, NULL, '', 'Sinar matahari', 'Suhu', 'Rayap', 'Angin', NULL, 3, '', '', '2015-06-29 09:25:00', '2015-06-29 09:25:00'),
(489, 0, 'Berikut ini yang bukan perubahan yang dialami besi setelah mengalami perkaratan adalah', 1, 1, 1, 8, '', NULL, NULL, '', 'Perubahan warna', 'Perubahan kekerasan', 'Perubahan bentuk', 'Perubahan suhu', NULL, 4, '', '', '2015-06-29 09:25:00', '2015-06-29 09:25:00'),
(490, 0, 'Berikut ini yang tidak termasuk jenis pelapukan adalah', 1, 1, 1, 8, '', NULL, NULL, '', 'Pelapukan meteorologi', 'Pelapukan biologi', 'Pelapukan fisika', 'Pelapukan Kimia', NULL, 1, '', '', '2015-06-29 09:25:00', '2015-06-29 09:25:00'),
(491, 0, 'Berikut ini adalah cara yang salah untuk mencegah terjadinya pembusukan adalah', 1, 1, 1, 8, '', NULL, NULL, '', 'Menyimpan makanan dan buah-buahan di dalam lemari es', 'Mengeringkan makanan yang hendak disimpan', 'Penambahan gula pada makanan', 'Penambahan formalin pada makanan', NULL, 4, '', '', '2015-06-29 09:25:00', '2015-06-29 09:25:00'),
(492, 0, 'Salah satu cara mencegah perkaratran pada besi dilakukan dengan cara', 1, 1, 1, 8, '', NULL, NULL, '', 'Dijemur', 'Disemprot air', 'Ditaburi garam', 'Pengecatan', NULL, 4, '', '', '2015-06-29 09:25:00', '2015-06-29 09:25:00'),
(493, 0, 'Besi yang sudah berkarat biasanya memiliki ciri', 1, 1, 1, 8, '', NULL, NULL, '', 'Dipenuhi lumut', 'Mengkilap', 'Permukaan halus', 'Terbentuknya lapisan merah (kekuning-kuningan)', NULL, 4, '', '', '2015-06-29 09:25:00', '2015-06-29 09:25:00'),
(494, 0, 'Untuk mencegah pelapukan maka kayu', 1, 1, 1, 8, '', NULL, NULL, '', 'Dipanaskan', 'Dikeringkan', 'Diberi pengawet', 'Dipelitur', NULL, 4, '', '', '2015-06-29 09:25:00', '2015-06-29 09:25:00'),
(495, 0, 'Pertumbuhan mikrooranisme dalam makanan dapat dihambat dengan denan cara', 1, 1, 1, 8, '', NULL, NULL, '', 'Menyimpan makanan dalam piring', 'Menyimpan makanan dalam kulkas', 'Meletakan makanan di atas meja', 'Memasak makanan ', NULL, 2, '', '', '2015-06-29 09:25:00', '2015-06-29 09:25:00'),
(496, 0, 'Dibawah ini faktor yang memengaruhi perubahan benda,kecuali', 1, 1, 1, 8, '', NULL, NULL, '', 'Waktu', 'Bahan pengawet', 'Suhu', 'Kelembapan', NULL, 2, '', '', '2015-06-29 09:25:00', '2015-06-29 09:25:00'),
(497, 0, 'Apa yang dimaksud dengan perubahan pada benda?', 2, 2, 1, 8, '', NULL, NULL, 'Perubahan benda adalah perubahan kondisi fisik benda baik bentuk, bau, maupun warna yang disebabkan pelapukan, perkaratan, dan pembusukan', '', '', '', '', NULL, NULL, '', '', '2015-06-29 09:25:00', '2015-06-29 09:25:00'),
(498, 0, 'Sebutkan faktor-faktor yang memengaruhi perubahan pada benda!', 2, 2, 1, 8, '', NULL, NULL, '1. Suhu\n2. Kelembapan\n3. Waktu\n4. Adanya mikroorganisme', '', '', '', '', NULL, NULL, '', '', '2015-06-29 09:25:00', '2015-06-29 09:25:00'),
(499, 0, 'Sebutkan cara-cara mencegah pembusukan pada makanan!', 2, 2, 1, 8, '', NULL, NULL, '1. Menyimpan bahan makanan dan buah-buahan di dalam lemari es.\n2. Mengeringkan makanan yang hendak disimpan.\n3. Penambahan gula pada makanan sebagai pengawet alami.', '', '', '', '', NULL, NULL, '', '', '2015-06-29 09:25:00', '2015-06-29 09:25:00'),
(500, 0, 'Apa perbedaan pelapukan fisika dengan pelapukan kimia?', 2, 2, 1, 8, '', NULL, NULL, 'Pelapukan fisika disebabkan oleh faktor alam, seperti angin, hujan, dan gelombang laut, sedangkan pelapukan kimia disebabkan oleh reaksi kimia oleh zat-zat kimia, seperti karbon, oksigen, dan air', '', '', '', '', NULL, NULL, '', '', '2015-06-29 09:25:00', '2015-06-29 09:25:00'),
(501, 0, 'Mengapa pengecatan pagar besi dapat mengurangi perkaratan?', 2, 2, 1, 8, '', NULL, NULL, 'Besi dapat mengalami perkaratan karena pada permukaan benda yang lembab berinteraksi langsung dengan udara (oksigen). Dengan melakukan pengecatan permukaan besi maka interaksi permukaan besi dengan udara bebas dapat dihindari sehingga perkaratan besi pun dapat dihindari.', '', '', '', '', NULL, NULL, '', '', '2015-06-29 09:25:00', '2015-06-29 09:25:00'),
(502, 0, 'Contoh hewan nokturnal adalah', 1, 1, 1, 8, '', NULL, NULL, '', 'Harimau', 'Bunglon', 'Kelalawar', 'Kadal', NULL, 3, '', '', '2015-06-29 09:25:00', '2015-06-29 09:25:00'),
(503, 0, 'Kemampuan kelalawar terbang ditempat yang gelap disebut', 1, 1, 1, 8, '', NULL, NULL, '', 'Ekolokasi', 'Alolokasi', 'Mimikri', 'Autotomi', NULL, 1, '', '', '2015-06-29 09:25:00', '2015-06-29 09:25:00'),
(504, 0, 'Pernyataan di bawah ini yang benar adalah', 1, 1, 1, 8, '', NULL, NULL, '', 'Anjing memiliki penciuman yang tajam', 'Kelalawar memiliki kemampuan autotomi', 'Bunglon memiliki kemampuan ekolokasi', 'Kantung semar mengeluarkan bau busuk', NULL, 1, '', '', '2015-06-29 09:25:00', '2015-06-29 09:25:00'),
(505, 0, 'Ciri khusus yang dimiliki unta adalah memiliki', 1, 1, 1, 8, '', NULL, NULL, '', 'Kaki pencakar', 'Punuk', 'Kantung udara', 'Kaki perekat', NULL, 2, '', '', '2015-06-29 09:25:00', '2015-06-29 09:25:00'),
(506, 0, 'Daun teratai yang lebar berfungsi untuk', 1, 1, 1, 8, '', NULL, NULL, '', 'Pertahanan diri', 'Mencari air', 'Tempat keluar masuk udara', 'Mempercepat penguapan air', NULL, 4, '', '', '2015-06-29 09:25:00', '2015-06-29 09:25:00'),
(507, 0, 'Bunga yang memiliki ciri khusus mengeluarkan bau busuk dan berukuran besar adalah', 1, 1, 1, 8, '', NULL, NULL, '', 'Teratai', 'Raflesia arnoldi', 'Kantung semar', 'Venus', NULL, 2, '', '', '2015-06-29 09:25:00', '2015-06-29 09:25:00'),
(508, 0, 'Berikut ini adalah ciri khusus yang dimiliki kaktus, kecuali', 1, 1, 1, 8, '', NULL, NULL, '', 'Daun kecil', 'Memiliki nektar', 'Batang tebal', 'Akarnya panjang', NULL, 2, '', '', '2015-06-29 09:25:00', '2015-06-29 09:25:00'),
(509, 0, 'Tumbuhan yang termasuk insektivora adalah', 1, 1, 1, 8, '', NULL, NULL, '', 'Teratai', 'Kaktus', 'Kantung semar', 'Putri malu', NULL, 3, '', '', '2015-06-29 09:25:00', '2015-06-29 09:25:00'),
(510, 0, 'Berikut ini yang termasuk ciri-ciri masa puber yang dialami laki-laki adalah', 1, 1, 1, 8, '', NULL, NULL, '', 'Pinggul membesar', 'Menstruasi', 'Payudara besar', 'Dada bidang', NULL, 4, '', '', '2015-06-29 09:25:00', '2015-06-29 09:25:00'),
(511, 0, 'Hewan yang tergolong vivipar adalah', 1, 1, 1, 8, '', NULL, NULL, '', 'Kadal', 'Ular', 'Ikan paus', 'Kelinci', NULL, 4, '', '', '2015-06-29 09:25:00', '2015-06-29 09:25:00'),
(512, 0, 'Salah satu ciri khusus hewan yang berkembang biak dengan vivipar adalah mempunyai', 1, 1, 1, 8, '', NULL, NULL, '', 'Kaki', 'Kelenjar susu', 'Mata', 'Jantung', NULL, 2, '', '', '2015-06-29 09:25:00', '2015-06-29 09:25:00'),
(513, 0, 'Berikut ini yang termasuk hal-hal yang membantu proses penyerbukan pada tanaman adalah', 1, 1, 1, 8, '', NULL, NULL, '', 'Sinar matahari', 'Manusia', 'Hewan', 'Angin', NULL, 1, '', '', '2015-06-29 09:25:00', '2015-06-29 09:25:00'),
(514, 0, 'Batang yang tumbuh mendatar di bawah permukaan tanah disebut', 1, 1, 1, 8, '', NULL, NULL, '', 'Umbi', 'Rhizoma', 'Geragih', 'Stolo', NULL, 2, '', '', '2015-06-29 09:25:00', '2015-06-29 09:25:00'),
(515, 0, 'Tumbuhan yang dapat berkembang biak dengan umbi lapis adalah', 1, 1, 1, 8, '', NULL, NULL, '', 'Kentang', 'Bangkuang', 'Bawang merah', 'Dahlia', NULL, 3, '', '', '2015-06-29 09:25:00', '2015-06-29 09:25:00'),
(516, 0, 'Hewan yang berkembang biak dengan tunas adalah', 1, 1, 1, 8, '', NULL, NULL, '', 'Protozoa', 'Amoeba', 'Salamander', 'Hydra', NULL, 4, '', '', '2015-06-29 09:25:00', '2015-06-29 09:25:00'),
(517, 0, 'Berikut ini adalah peristiwa alami yang disebabkan ulah manusia adalah', 1, 1, 1, 8, '', NULL, NULL, '', 'Gempa', 'Gunung meletus', 'Banjir', 'Tsunami', NULL, 3, '', '', '2015-06-29 09:25:00', '2015-06-29 09:25:00'),
(518, 0, 'Tempat perlindungan bagi tumbuhan langka adalah', 1, 1, 1, 8, '', NULL, NULL, '', 'Suaka margasatwa', 'Kebun binatang', 'Botani', 'Taman nasional', NULL, 3, '', '', '2015-06-29 09:25:00', '2015-06-29 09:25:00'),
(519, 0, 'Hewan langka yang dilindungi di ujung kulon adalah', 1, 1, 1, 8, '', NULL, NULL, '', 'Gajah', 'Badak jawa', 'Cenderawasi', 'Harimau sumatera', NULL, 2, '', '', '2015-06-29 09:25:00', '2015-06-29 09:25:00'),
(520, 0, 'Pelestarian sumber daya alam secara ex situ adalah', 1, 1, 1, 8, '', NULL, NULL, '', 'Suaka margasatwa', 'Kebun binatang', 'Cagar alam', 'Taman nasional', NULL, 2, '', '', '2015-06-29 09:25:00', '2015-06-29 09:25:00'),
(521, 0, 'Contoh pemanfaatan tumbuhan, kecuali', 1, 1, 1, 8, '', NULL, NULL, '', 'Sumber udara', 'Penghasil oksigen', 'Bahan pakaian', 'Sumber makanan', NULL, 1, '', '', '2015-06-29 09:25:00', '2015-06-29 09:25:00'),
(522, 0, 'Contoh hewan yang tergolong langka, yaitu', 1, 1, 1, 8, '', NULL, NULL, '', 'Jalak bali', 'Burung pipit', 'Kadal', 'Kuda', NULL, 1, '', '', '2015-06-29 09:25:00', '2015-06-29 09:25:00'),
(523, 0, 'Contoh tumbuan yang mendekati kepunahan, yaitu', 1, 1, 1, 8, '', NULL, NULL, '', 'Cendana', 'Cengkeh', 'Ketela', 'Melati', NULL, 1, '', '', '2015-06-29 09:25:00', '2015-06-29 09:25:00'),
(524, 0, 'Benda berikut ini yang dapat mengalami perkaratan, kecuali', 1, 1, 1, 8, '', NULL, NULL, '', 'Uang logam', 'Kayu', 'Mesin motor', 'Rantai sepeda', NULL, 2, '', '', '2015-06-29 09:25:00', '2015-06-29 09:25:00'),
(525, 0, 'Budi membakar ujung sebuah tongkat. Tidak lama kemudian, Budi dapat merasakan panas dari ujung yang lain. Tongkat tersebut kemungkinan terbuat dari bahan', 1, 1, 1, 8, '', NULL, NULL, '', 'Kayu', 'Karet', 'Tembaga', 'Semen', NULL, 3, '', '', '2015-06-29 09:25:00', '2015-06-29 09:25:00'),
(526, 0, 'Berikut ini cara-cara untuk mencegah terjadinya perubahan benda, kecuali', 1, 1, 1, 8, '', NULL, NULL, '', 'Besi dicat', 'Kayu dipelitur', 'Ikan dikeringkan', 'Kayu disiram air', NULL, 4, '', '', '2015-06-29 09:25:00', '2015-06-29 09:25:00'),
(527, 0, 'Jelaskan mengapa tumbuhan kaktus dapat hidup di daerah gersang!', 2, 2, 1, 8, '', NULL, NULL, 'Kaktus dapat hidup di daerah gersang dengan kandungan air sedikit karena kaktus memiliki akar tumbuhan yang panjang untuk mencari air di dalam tanah dan memiliki daun seperti duri yang berfungsi mengurangi penguapan', '', '', '', '', NULL, NULL, '', '', '2015-06-29 09:25:00', '2015-06-29 09:25:00'),
(528, 0, 'Jelaskan cara perkembanganbiakan pada hewan ovovivipar!', 2, 2, 1, 8, '', NULL, NULL, 'Ovivipar adalah hewan yang bekembang biak dengan bertelur, tetapi telur tersebut menetes di dalam tubuh sehingga ketika keluar dari tubuh induk sudah menjadi individu baru.', '', '', '', '', NULL, NULL, '', '', '2015-06-29 09:25:00', '2015-06-29 09:25:00'),
(529, 0, 'Apa perbedaan antara cagar alam dan suaka margasatwa?', 2, 2, 1, 8, '', NULL, NULL, 'Cagaralam di dalamnya melindungi flora dan fauna, sedangkan suaka margasatwa di dalamnya khusus melindungi fauna.', '', '', '', '', NULL, NULL, '', '', '2015-06-29 09:25:00', '2015-06-29 09:25:00'),
(530, 0, 'Jelaskan bagian-bagian setrika yang berfungsi sebagai konduktor dan isolator panas!', 2, 2, 1, 8, '', NULL, NULL, 'Bagian setrika yang bersifat konduktor adalah bagian lapisan bawah setrika, sedangkan, yang bersifat isolator adalah pelapis kabel, pegangan setrika, dan bagian tubuh atas setrika.', '', '', '', '', NULL, NULL, '', '', '2015-06-29 09:25:00', '2015-06-29 09:25:00'),
(531, 0, 'Jelaskan mengapa potongan kayu yang dibiarkan terkena hujan dan panas secara terus-menerus akan mengalami pelapukan!', 2, 2, 1, 8, '', NULL, NULL, 'Potongan kayu yang terkena air dapat menjadi sarang mikroorganisme berupa jamur, yang lama-kelamaan akan membuat kayu menjadi busuk dan keropos.', '', '', '', '', NULL, NULL, '', '', '2015-06-29 09:25:00', '2015-06-29 09:25:00'),
(532, 0, 'Peralatn berikut ini yang menggunakan prinsip gaya pegas adalah', 1, 1, 1, 8, '', NULL, NULL, '', 'Setrika', 'Dinamo', 'Katapel', 'Traktor', NULL, 3, '', '', '2015-06-29 09:25:00', '2015-06-29 09:25:00'),
(533, 0, 'Berikut ini usaha mengurangi gaya gesek ketika mendorong lemari, yaitu', 1, 1, 1, 8, '', NULL, NULL, '', 'Memperbesar gaya dorong', 'Memasang roda', 'Mengangkat lemari', 'Menebar kerikil di bawah lemari', NULL, 2, '', '', '2015-06-29 09:25:00', '2015-06-29 09:25:00'),
(534, 0, 'Perubahan energi terjadi pada saat kita menggunakan solder listrik adalah', 1, 1, 1, 8, '', NULL, NULL, '', 'Energi listrik menjadi energi panas', 'Energi listrik menadi energi kimia', 'Energi listrik menjadi energi cahaya', 'Energi panas menjadi energi listrik', NULL, 4, '', '', '2015-06-29 09:25:00', '2015-06-29 09:25:00'),
(535, 0, 'Ketika berada di luar angkasa, para astronot badannya sangat ringan sehingga dapat terbang. Hal ini disebabkan', 1, 1, 1, 8, '', NULL, NULL, '', 'Di luar angkasa tidak ada oksigen', 'Astronot tidak dipengaruhi oleh gaya gravitasi bulan', 'Astronot tidak dipengaruhi oleh gaya gravitasi bumi', 'Di luar angkasa berat badan astronot turun drastis', NULL, 3, '', '', '2015-06-29 09:25:00', '2015-06-29 09:25:00'),
(536, 0, 'Gaya yang terjadi pada saat batu terlepas dari ketapel seperti pada gambar adalah', 1, 1, 1, 8, '', NULL, NULL, '', 'Gaya pegas', 'Gaya gravitasi', 'Gaya gesek', 'Gaya magnet', NULL, 1, 'files/quizz/2015-06-29 09:24:59/Orang pegang ketapel', '', '2015-06-29 09:25:00', '2015-06-29 09:25:00'),
(541, 0, 'Pada batu baterai terjadi perubahan energi berupa', 1, 1, 1, 8, '', NULL, NULL, '', 'Energi listrik menjadi energi kimia', 'Energi kimia menjadi energi listrik', 'Energi gerak menjdi energi kimia', 'Energi kimia menjadi energi panas', NULL, 2, '', '', '2015-06-29 09:25:00', '2015-06-29 09:25:00'),
(542, 0, 'Gaya yang dibutuhkan oleh orang yang sedang mengangkat meja adalah', 1, 1, 1, 8, '', NULL, NULL, '', 'Gaya otot', 'Gaya gravitasi', 'Gaya mesin', 'Gaya pegas', NULL, 3, '', '', '2015-06-29 09:25:00', '2015-06-29 09:25:00'),
(543, 0, 'Perubahan energi terjadi pada saat penyetruman aki adalah', 1, 1, 1, 8, '', NULL, NULL, '', 'Kimia menjadi listrik', 'Kimia menjadi cahaya', 'Listrik menjadi kimia', 'Gerkan menjadi kimia', NULL, 3, '', '', '2015-06-29 09:25:00', '2015-06-29 09:25:00'),
(544, 0, 'Menyentuh stopkontak atau sekedar pada saat tangan kita basah dapat menyebabkan', 1, 1, 1, 8, '', NULL, NULL, '', 'Sekring', 'Kebakaran', 'Tersetrum', 'Korsleting', NULL, 3, '', '', '2015-06-29 09:25:00', '2015-06-29 09:25:00'),
(545, 0, 'Dispenser mengubah energi listrik menjadi energi', 1, 1, 1, 8, '', NULL, NULL, '', 'Cahaya', 'Kimia', 'Gerak', 'Panas', NULL, 4, '', '', '2015-06-29 09:25:00', '2015-06-29 09:25:00'),
(546, 0, 'Urutan perubahan energi yang terjadi pada sebuah jam dinding adalah', 1, 1, 1, 8, '', NULL, NULL, '', 'Kimia-> listrik-> gerak', 'Kimia-> listrik-> panas', 'Kimia-> panas-> gerak', 'Listrik-> kimia-> gerak', NULL, 1, '', '', '2015-06-29 09:25:00', '2015-06-29 09:25:00'),
(547, 0, 'Jelaskan pengaruh gaya terhadap gerakan!', 2, 2, 1, 8, '', NULL, NULL, 'Gaya memengaruhi gerak suatu benda, dimana semakin besar gaya maka semakin cepat benda bergerak. Sebaliknya, semakin lemah gaya semakin lemah bergerak.', '', '', '', '', NULL, NULL, '', '', '2015-06-29 09:25:00', '2015-06-29 09:25:00'),
(548, 0, 'Apa yang dimaksud sumber listrik!', 2, 2, 1, 8, '', NULL, NULL, 'Sumber energi listrik adalah benda-benda yang dapat menghasilkan listrik', '', '', '', '', NULL, NULL, '', '', '2015-06-29 09:25:00', '2015-06-29 09:25:00'),
(549, 0, 'Tuliskan manfaat listrik dalam kehidupan sehari-hari!', 2, 2, 1, 8, '', NULL, NULL, '1. Sebagai sumber energi penerangan di malam hari.\n2. Sumber energi untuk menyalakan peralatan elektronik', '', '', '', '', NULL, NULL, '', '', '2015-06-29 09:25:00', '2015-06-29 09:25:00'),
(550, 0, 'Sebutkan tiga alat-alat yang dapat mengubah energi listrik menjadi energi panas!', 2, 2, 1, 8, '', NULL, NULL, '1. Arus listrik mengalir tanpa cabang\n2. Nyala lampu lebih terang\n3. Jika salah satu alat listrik dilepas atau rusak maka arus listrik akn putus', '', '', '', '', NULL, NULL, '', '', '2015-06-29 09:25:00', '2015-06-29 09:25:00'),
(551, 0, 'Tuliskan cara-cara untuk menghemat listrik!', 2, 2, 1, 8, '', NULL, NULL, '1. Menggunakan alat-alat listrik yang hemat energi\n2. Menggunakan lampu yang daya listriknya (watt-nya) rendah\n3. Mematikan alat listrik segera setelah selesai digunakan\n4. Menggunakan alat-alat listrik seperlunya', '', '', '', '', NULL, NULL, '', '', '2015-06-29 09:25:00', '2015-06-29 09:25:00'),
(552, 0, 'Semua planet bergerak mengelilingi matahari. Gerakan ini disebut', 1, 1, 1, 8, '', NULL, NULL, '', 'Rotasi', 'Evolusi', 'Revolusi', 'Perputaran pada porosnya', NULL, 3, '', '', '2015-06-29 09:25:00', '2015-06-29 09:25:00'),
(553, 0, 'Urutan planet-planet mulai dari yang terdekat hingga terjauh dari matahari yang benar adalah', 1, 1, 1, 8, '', NULL, NULL, '', 'Merkurius - mars - bumi - saturnus - yupiter', 'Merkurius - venus - bumi - saturnus - yupiter', 'Venus - merkurius - bumi - yupiter - saturnus', 'Merkurius - venus - bumi - mars - yupiter', NULL, 4, '', '', '2015-06-29 09:25:00', '2015-06-29 09:25:00'),
(554, 0, 'Persamaan yang dimiliki oleh semua planet dalam tata surya ialah', 1, 1, 1, 8, '', NULL, NULL, '', 'Semua planet tidak mengeluarkan cahaya, tetapi menerima cahaya dari matahari', 'Semua planet berputar dari barat ke timur', 'Semua planet berputar pada poros dengan arah putaran berlawanan arah jarum jam', 'Semua planet memerlukan waktu yang sama untuk mengelilingi matahari', NULL, 1, '', '', '2015-06-29 09:25:00', '2015-06-29 09:25:00'),
(555, 0, 'Penyebab planet-planet tetap berada pada lintasan edaran adalah', 1, 1, 1, 8, '', NULL, NULL, '', 'Gaya gravitasi matahari', 'Gaya gravitasi bumi', 'Gaya gravitasi satelit', 'Gaya ravitasi bulan', NULL, 1, '', '', '2015-06-29 09:25:00', '2015-06-29 09:25:00'),
(556, 0, 'Planet di bawah ini yang tidak mempunyai satelit adalah', 1, 1, 1, 8, '', NULL, NULL, '', 'Neptunus', 'Yupiter', 'Uranus', 'Merkurius', NULL, 2, '', '', '2015-06-29 09:25:00', '2015-06-29 09:25:00'),
(557, 0, 'Pernyataan yang benar mengenai komet bila mendekat matahari adalah', 1, 1, 1, 8, '', NULL, NULL, '', 'Ekor komet makin pendek', 'Ekor komet mendekti matahari', 'Komet menjadi tak tampak', 'Ekor komet menjauhi matahari', NULL, 4, '', '', '2015-06-29 09:25:00', '2015-06-29 09:25:00'),
(558, 0, 'Letak urutan planet dalam tata surya mulai dari yang terdekat dari matahari adalah', 1, 1, 1, 8, '', NULL, NULL, '', 'Merkurius, mars, venus', 'Merkurius, venus, bumi', 'Merkurius, mars, bumi', 'Merkurius, uranus, venus', NULL, 2, '', '', '2015-06-29 09:25:00', '2015-06-29 09:25:00'),
(559, 0, 'Orang yang pekerjaannya melakukan perjalanan ke ruang angkasa disebut', 1, 1, 1, 8, '', NULL, NULL, '', 'Pilot', 'Alien', 'Satelit', 'Astronot', NULL, 4, '', '', '2015-06-29 09:25:00', '2015-06-29 09:25:00'),
(560, 0, 'Bemi berputar pada porosnya mengelilingi matahari dengan kemiringan ....  derajat', 1, 1, 1, 8, '', NULL, NULL, '', '23.5', '25.5', '24.5', '26.5', NULL, 1, '', '', '2015-06-29 09:25:00', '2015-06-29 09:25:00'),
(561, 0, 'Komposisi gas yang paling banyak pada matahari adalah', 1, 1, 1, 8, '', NULL, NULL, '', 'Oksigen', 'Hidrogen', 'Helium', 'Argon', NULL, 2, '', '', '2015-06-29 09:25:00', '2015-06-29 09:25:00'),
(562, 0, 'Planet yang mempunyai ciri khas berupa memiliki cincin yang mengelilinginya adalah planet', 1, 1, 1, 8, '', NULL, NULL, '', 'Saturnus', 'Uranus', 'Neptunus', 'Merkurius', NULL, 1, '', '', '2015-06-29 09:25:00', '2015-06-29 09:25:00'),
(563, 0, 'Meteoroid yang berpijar kerena gesekan dengan atmosfer disebut', 1, 1, 1, 8, '', NULL, NULL, '', 'Meteorit', 'Komet', 'Asteroid', 'Meteor', NULL, 4, '', '', '2015-06-29 09:25:00', '2015-06-29 09:25:00'),
(564, 0, 'Planet terbesar dalam tata surya kita adalah', 1, 1, 1, 8, '', NULL, NULL, '', 'Venus', 'Mars', 'Jupiter', 'Saturnus', NULL, 4, '', '', '2015-06-29 09:25:00', '2015-06-29 09:25:00'),
(565, 0, 'Perhatikan gambar berikut!\nPlanet yang mendapat sebutan planet merah adalah', 1, 1, 1, 8, '', NULL, NULL, '', '7, mars', '5, mars', '7, venus', '5, merkurius', NULL, 2, 'files/quizz/2015-06-29 09:24:59/Gambar tata surya', '', '2015-06-29 09:25:00', '2015-06-29 09:25:00'),
(566, 0, 'Bumi berevolusi terhadap matahari sekali dalam', 1, 1, 1, 8, '', NULL, NULL, '', '24 jam', '29 1/2 jam', '366 hari', '365 1/2 hari', NULL, 4, '', '', '2015-06-29 09:25:00', '2015-06-29 09:25:00');
INSERT INTO `questions` (`id`, `quizz_id`, `question`, `tipe`, `level`, `kelas`, `pelajaran_id`, `mapel`, `penjelasan`, `point_nilai`, `answer2`, `answer_a`, `answer_b`, `answer_c`, `answer_d`, `answer_e`, `answer_true`, `images`, `video`, `created`, `modified`) VALUES
(567, 0, 'Tuliskan urutan planet dalam tata surya dimulai dari yang terdekat dengan matahari sampai yang jauh!', 2, 2, 1, 8, '', NULL, NULL, 'Merkurius, venus, bumi, mars, yupiter, saturnus, uranus, neptunus dan pluto', '', '', '', '', NULL, NULL, '', '', '2015-06-29 09:25:00', '2015-06-29 09:25:00'),
(568, 0, 'Jelaskan mengapa planet merkurius memiliki suhu paling panas di antara planet lainnya!', 2, 2, 1, 8, '', NULL, NULL, 'Karena letak planet merkurius paling dekat dengan matahari dibandingkan dengan planet lainnya sehingga intensitas pancaran sinar matahari sangat tinggi', '', '', '', '', NULL, NULL, '', '', '2015-06-29 09:25:00', '2015-06-29 09:25:00'),
(569, 0, 'Jelaskan pengertian planet luar dan tuliskan anggotanya!', 2, 2, 1, 8, '', NULL, NULL, 'Planet luar adalah planet-planet yan mempunyai lintasan bidang edar di luar dari lintasan bidang edaran bumi dan matahari.\nYang termasuk planet luar adalah : mars, yupiter, saturnus, uranus, dan neptunus', '', '', '', '', NULL, NULL, '', '', '2015-06-29 09:25:00', '2015-06-29 09:25:00'),
(570, 0, 'Jelakan perbedaan rotasi dan revolusi yang dilakukan planet', 2, 2, 1, 8, '', NULL, NULL, 'Rotasi planet adalah gerakan planet berputar terhadap porosnya, sedangkan revolusi planet adalah gerakan planet mengelilingi matahari.', '', '', '', '', NULL, NULL, '', '', '2015-06-29 09:25:00', '2015-06-29 09:25:00'),
(571, 0, 'Apa fungsi atmosfer bumi?', 2, 2, 1, 8, '', NULL, NULL, 'Atmosfer bumi berfungsi melindungi bumi dari sinar ultraviolet yang dikeluarkan dari matahari ssehingga suhu bumi tidak terlalu panas. Selain itu, atmosfer juga berfungsi sebagai tameng bagi benda-benda angkasa yang jatuh ke permukaan bumi.', '', '', '', '', NULL, NULL, '', '', '2015-06-29 09:25:00', '2015-06-29 09:25:00'),
(572, 0, 'Rotasi bumi adalah', 1, 1, 1, 8, '', NULL, NULL, '', 'Geraka bumi mengelilingi matahari', 'Gerakan bumi mengelilingi bulan', 'Gerakan bumi berputar pada porosnya', 'Gerakan bumi mengelilingi bintang', NULL, 3, '', '', '2015-06-29 09:25:00', '2015-06-29 09:25:00'),
(573, 0, 'Berikut ini yang merupakan bukan akibat rotasi bumi adalah', 1, 1, 1, 8, '', NULL, NULL, '', 'Adanya perbedaan waktu', 'Gerakan semu harian matahari', 'Perbedaan percepatan gravitasi', 'Pergantian musim', NULL, 4, '', '', '2015-06-29 09:25:00', '2015-06-29 09:25:00'),
(574, 0, 'Bayangan bumi yang gelap disebut', 1, 1, 1, 8, '', NULL, NULL, '', 'Penumbra', 'Gerhana', 'Umbra', 'Malam', NULL, 1, '', '', '2015-06-29 09:25:00', '2015-06-29 09:25:00'),
(575, 0, 'Sebelum bulan masuk ke umbra bumi, terjadi gerhana bulan', 1, 1, 1, 8, '', NULL, NULL, '', 'Cincin', 'Sebagian', 'Total', 'Penuh', NULL, 2, '', '', '2015-06-29 09:25:00', '2015-06-29 09:25:00'),
(576, 0, 'Satu tahun pada penanggalan komariah sama dengan ....  hari', 1, 1, 1, 8, '', NULL, NULL, '', '353', '354', '355', '356', NULL, 2, '', '', '2015-06-29 09:25:00', '2015-06-29 09:25:00'),
(577, 0, 'Pada kalender masehi, yang termasuk tahun kabisat adalah tahun', 1, 1, 1, 8, '', NULL, NULL, '', '2009', '2010', '2011', '2012', NULL, 4, '', '', '2015-06-29 09:25:00', '2015-06-29 09:25:00'),
(578, 0, 'Jika di belaan bumi utara sedang musim semi maka di belahan bumi selatang sedang', 1, 1, 1, 8, '', NULL, NULL, '', 'Gugur', 'Panas', 'Semi', 'Dingin', NULL, 1, '', '', '2015-06-29 09:25:00', '2015-06-29 09:25:00'),
(579, 0, 'Angka yang termasuk tahun kabisat pada kalender hijriah ialah', 1, 1, 1, 8, '', NULL, NULL, '', '1425 H', '1429 H', '1428 H', '1427 H', NULL, 3, '', '', '2015-06-29 09:25:00', '2015-06-29 09:25:00'),
(580, 0, 'Jika berdasarkan penanggalan masehi sekarang tahun 2011 maka berdasarkan penanggalan hijriah adalah tahun', 1, 1, 1, 8, '', NULL, NULL, '', '1433 H', '1432 H', '1431 H', '1430 H', NULL, 1, '', '', '2015-06-29 09:25:00', '2015-06-29 09:25:00'),
(581, 0, 'Daerah di bumi yang selalu hangat sepanjang tahun berada di', 1, 1, 1, 8, '', NULL, NULL, '', 'Belahan utara', 'Belahan selatan', 'Kutub', 'Khatulistiwa', NULL, 4, '', '', '2015-06-29 09:25:00', '2015-06-29 09:25:00'),
(582, 0, 'Posisi matahari, bulan, dan bumi seperti pada gambar, jenis gerhana yang terjadi pada daerah yang ditunjuk pada anak panah adalah', 1, 1, 1, 8, '', NULL, NULL, '', 'Gerhana bulan', 'Gerhana matahari total', 'Gerhana bulan sebagian', 'Gerhana matahari sebagian', NULL, 4, 'files/quizz/2015-06-29 09:24:59/Gambar gerhana matahari sebagian', '', '2015-06-29 09:25:00', '2015-06-29 09:25:00'),
(583, 0, 'Bulan mengalami perubahan penampakan bentuk saat berevolusi mengelilingi bumi. Di bawah ini yang tidak termasuk bentuk perubahannya adalah', 1, 1, 1, 8, '', NULL, NULL, '', 'Bulan cembung', 'Bulan cekung', 'Bulan purnama', 'Bulan sabit', NULL, 2, '', '', '2015-06-29 09:25:00', '2015-06-29 09:25:00'),
(584, 0, 'Akibat revolusi bumi akan terjadi peristiwa', 1, 1, 1, 8, '', NULL, NULL, '', 'Siang dan malam', 'Gerak semu harian', 'Perubahan musim di bumi', 'Perbedaan waktu di berbagai tempat', NULL, 4, '', '', '2015-06-29 09:25:00', '2015-06-29 09:25:00'),
(585, 0, 'Perhatikan gambar di bawah ini!\nJika posisi bulan berada pada nomor lll maka akan terjadi', 1, 1, 1, 8, '', NULL, NULL, '', 'Gerhana matahari', 'Gerhana matahari sebagian', 'Gerhana bulan total', 'Gerhana bula sebagian', NULL, 3, 'files/quizz/2015-06-29 09:24:59/Gambar gerhana bulan total', '', '2015-06-29 09:25:00', '2015-06-29 09:25:00'),
(586, 0, 'Jelaskan yan dimakud dengan rotasi dan revolusi bumi!', 2, 1, 1, 8, '', NULL, NULL, 'Rotasi bumi adalah gerakan bumi berputar pada porosnya, sedangkan revolusi bumi adalah gerakan bumi mengelilingi matahari', '', '', '', '', NULL, NULL, '', '', '2015-06-29 09:25:00', '2015-06-29 09:25:00'),
(587, 0, 'Apa yan dimaksud dengan tahun kabisat!', 2, 1, 1, 8, '', NULL, NULL, 'Tahun kabisat adalah tahun yang terjadi setiap 4 tahun sekali dan jumlah harinya dalam satu tahun sebanyak 366 hari.', '', '', '', '', NULL, NULL, '', '', '2015-06-29 09:25:00', '2015-06-29 09:25:00'),
(588, 0, 'Apa perbedaan kalender masehi dan kalender hijriah?', 2, 1, 1, 8, '', NULL, NULL, 'Kalender masehi perhitungannya didasarkan pada revolusi bumi, sedangkan kalender hijriah perhitungannya didasarkan pada revolusi bulan.', '', '', '', '', NULL, NULL, '', '', '2015-06-29 09:25:00', '2015-06-29 09:25:00'),
(589, 0, 'Sebutkan tiga akibat dari rotasi bumi!', 2, 2, 1, 8, '', NULL, NULL, '1. Pergantian siang dan malam\n2. Peredaran semu harian benda-benda langit (matahari)\n3. Perbedaan waktu', '', '', '', '', NULL, NULL, '', '', '2015-06-29 09:25:00', '2015-06-29 09:25:00'),
(590, 0, 'Jelaskan bagaimana terjadinya gerhana bulan dan matahari!', 2, 2, 1, 8, '', NULL, NULL, 'Gerhana bulan terjadi jika bumi terletak di antara matahari dan bulan, serta terletak dalam satu bidang.\nGerhana matahari terjadi jika bulan terletak di antara matahari dan bumi, serta terletak dalam satu bidang.', '', '', '', '', NULL, NULL, '', '', '2015-06-29 09:25:00', '2015-06-29 09:25:00'),
(591, 0, 'Sumber energi listrik adalah benda-benda yang dapat menghasilkan', 1, 1, 1, 8, '', NULL, NULL, '', 'Kalor', 'Arus listrik', 'Panas', 'Cahaya', NULL, 2, '', '', '2015-06-29 09:25:00', '2015-06-29 09:25:00'),
(592, 0, 'Sumber energi yang mengubah energi gerak menjadi energi listrik adalah', 1, 1, 1, 8, '', NULL, NULL, '', 'Baterai', 'Sel surya', 'Mesin disel', 'Dinamo sepeda', NULL, 4, '', '', '2015-06-29 09:25:00', '2015-06-29 09:25:00'),
(593, 0, 'Logam yang digunakan untuk membuat akumulator (aki) adlah', 1, 1, 1, 8, '', NULL, NULL, '', 'Besi', 'Timah', 'Nikel', 'Timbal', NULL, 4, '', '', '2015-06-29 09:25:00', '2015-06-29 09:25:00'),
(594, 0, 'Peralatan di bawah ini menggunakan prinsip perubahan energi listrik menjadi eneri panas, kecuali', 1, 1, 1, 8, '', NULL, NULL, '', 'Solder', 'Blender', 'Dispenser', 'Kompor listrik', NULL, 2, '', '', '2015-06-29 09:25:00', '2015-06-29 09:25:00'),
(595, 0, 'Benda berikut yang dapat dialiri arus listrik adalah', 1, 1, 1, 8, '', NULL, NULL, '', 'Plastik', 'Ebonit', 'Karet', 'Tembaga', NULL, 4, '', '', '2015-06-29 09:25:00', '2015-06-29 09:25:00'),
(596, 0, 'Gaya yang dilepaskan katapel adalah', 1, 1, 1, 8, '', NULL, NULL, '', 'Listrik', 'Magnet', 'Pegas', 'Gesek', NULL, 3, '', '', '2015-06-29 09:25:00', '2015-06-29 09:25:00'),
(597, 0, 'Peralatan yang mengubah energi listrik menjadi energi bunyi adalah', 1, 1, 1, 8, '', NULL, NULL, '', 'Radio dan solder', 'Kipas angin dan bel listrik', 'Televisi dan setrika', 'Radio dan televisi', NULL, 4, '', '', '2015-06-29 09:25:00', '2015-06-29 09:25:00'),
(598, 0, 'Untuk mencegah Korsleting, kawat listrik dibungkus dengan bahan yang bersifat', 1, 1, 1, 8, '', NULL, NULL, '', 'Isolator', 'Radiator', 'Konduktor', 'Adaptor', NULL, 1, '', '', '2015-06-29 09:25:00', '2015-06-29 09:25:00'),
(599, 0, 'Pemerintah sering mengadakan pemadaman lampu secara bergilir. Tindakan kita yan tepat untuk membantu penhematan energi listrik adalah', 1, 1, 1, 8, '', NULL, NULL, '', 'Menyalakan lampu di siang hari', 'Memadamkan lampu jika diingatkan', 'Memadamkan lampu apabila tidak digunakan', 'Menyalakan lampu apabila tidak digunakan', NULL, 4, '', '', '2015-06-29 09:25:00', '2015-06-29 09:25:00'),
(600, 0, 'Bagian alat yang terbuat dari bahan konduktor pada ambar di bawah, ditunjukkan pada nomer', 1, 1, 1, 8, '', NULL, NULL, '', '1 dan 2', '2 dan 3', '2 dan 4', '3 dan 4', NULL, 4, 'files/quizz/2015-06-29 09:24:59/gambar teko aluminium', '', '2015-06-29 09:25:00', '2015-06-29 09:25:00'),
(601, 0, 'Perhatikan gambar berikut!\nBerdasarkan gambar di atas, jika planet bumi ditunjukkan nomor 3 maka planet mars ditunjukan oleh nomor', 1, 1, 1, 8, '', NULL, NULL, '', '1', '2', '4', '5', NULL, 3, 'files/quizz/2015-06-29 09:24:59/Gambar planet', '', '2015-06-29 09:25:00', '2015-06-29 09:25:00'),
(602, 0, 'Perhitungan kalender syamsiah berdasarkan kala (periode)', 1, 1, 1, 8, '', NULL, NULL, '', 'Rotasi bulan', 'Rotasi bumi', 'Revolusi bulan ', 'Revolusi bumi', NULL, 1, '', '', '2015-06-29 09:25:00', '2015-06-29 09:25:00'),
(603, 0, 'Planet yang mendapat sebutan bintang kejora adalah', 1, 1, 1, 8, '', NULL, NULL, '', 'Merkurius', 'Venus', 'Yupiter', 'Saturnus', NULL, 2, '', '', '2015-06-29 09:25:00', '2015-06-29 09:25:00'),
(604, 0, 'Berikut ini yang termasuk planet dalam adalah', 1, 1, 1, 8, '', NULL, NULL, '', 'Yupiter', 'Venus', 'Uranus', 'Saturnus', NULL, 2, '', '', '2015-06-29 09:25:00', '2015-06-29 09:25:00'),
(605, 0, 'Komet yang muncul setiap 76 tahun adalah komet', 1, 1, 1, 8, '', NULL, NULL, '', 'Shoemaker - Levy', 'Halley', 'Kohoutek', 'West', NULL, 2, '', '', '2015-06-29 09:25:00', '2015-06-29 09:25:00'),
(606, 0, 'Planet yang atmosfernya memiliki tekanan sangat tinggi, yaitu mencapai 90 kali tekanan atmosfer bumi adalah', 1, 1, 1, 8, '', NULL, NULL, '', 'Merkurius', 'Saturnus', 'Venus', 'Mars', NULL, 3, '', '', '2015-06-29 09:25:00', '2015-06-29 09:25:00'),
(607, 0, 'Benda langit yan disebut sebagai planet kecil adalah', 1, 1, 1, 8, '', NULL, NULL, '', 'Komet', 'Satelit', 'Asteroid', 'Meteorit', NULL, 3, '', '', '2015-06-29 09:25:00', '2015-06-29 09:25:00'),
(608, 0, 'Berdasarkan letak orbitnya, planet-planet di bawah ini yang letaknya paling dekat dengan bumi adalah', 1, 1, 1, 8, '', NULL, NULL, '', 'Merkurius dan venus', 'Venus dan mars', 'Venus dan saturnus', 'Mars dan saturnus', NULL, 2, '', '', '2015-06-29 09:25:00', '2015-06-29 09:25:00'),
(609, 0, 'Ketika terjadi korsleting pada kabel listrik maka sebaliknya', 1, 1, 1, 8, '', NULL, NULL, '', 'Mematikan sekring', 'Mematikan sakelar', 'Memotong kabel', 'Disiram air', NULL, 1, '', '', '2015-06-29 09:25:00', '2015-06-29 09:25:00'),
(610, 0, 'Di bawah ini merupakan fungsi satelit buatan, kecuali', 1, 1, 1, 8, '', NULL, NULL, '', 'Alat komunikasi', 'Pemandu penerbangan', 'Sarana transportasi', 'Pemetaan permukaan bumi', NULL, 3, '', '', '2015-06-29 09:25:00', '2015-06-29 09:25:00'),
(611, 0, 'Rotasi bumi menyebabkan terjadinya', 1, 1, 1, 8, '', NULL, NULL, '', 'Perbedaan musim', 'Perbedaan cuaca', 'Perbedaan hari', 'Perbedaan suhu', NULL, 3, '', '', '2015-06-29 09:25:00', '2015-06-29 09:25:00'),
(612, 0, 'Berikut ini termasuk tahun kabisat masehi adalah', 1, 1, 1, 8, '', NULL, NULL, '', '2001', '2002', '2003', '2004', NULL, 4, '', '', '2015-06-29 09:25:00', '2015-06-29 09:25:00'),
(613, 0, 'Berikut ini adalah salah satu contoh energi alternatif, yaitu', 1, 1, 1, 8, '', NULL, NULL, '', 'Solar', 'Batu bara', 'Sinar matahari', 'Minyak bumi', NULL, 1, '', '', '2015-06-29 09:25:00', '2015-06-29 09:25:00'),
(614, 0, 'Berikut ini yang merupakan tahun kabisat hijriah adalah', 1, 1, 1, 8, '', NULL, NULL, '', '1411 H', '1412 H', '1413 H', '1414 H', NULL, 2, '', '', '2015-06-29 09:25:00', '2015-06-29 09:25:00'),
(615, 0, 'Satu tahun menurut kalender hijriah sama dengan', 1, 1, 1, 8, '', NULL, NULL, '', '354 atau 355 hari', '364 atau 365 hari', '355 atau 356 hari', '355 atau 366 hari', NULL, 1, '', '', '2015-06-29 09:25:00', '2015-06-29 09:25:00'),
(616, 0, 'Apa yang dimaksud sumber arus listrik? Berikan contohnya!', 2, 2, 1, 8, '', NULL, NULL, 'Suber energi listrik adalah benda-benda yang dapat menghasilkan energi listrik.\nContoh: baterai, aki, dan generator.', '', '', '', '', NULL, NULL, '', '', '2015-06-29 09:25:00', '2015-06-29 09:25:00'),
(617, 0, 'Apakah perbedaan kalender syamsiah dan komariah?', 2, 2, 1, 8, '', NULL, NULL, 'Penanggalan masehi (syamsiah) perhitungan berdasarkan pada peredaran bumi mengelilingi matahari (revolusi bumi), sedangkan penanggalan hijriah (komariah) perhitungannya didasarkan pada peredaran bulan mengelilingi bumi (revolusi bumi)', '', '', '', '', NULL, NULL, '', '', '2015-06-29 09:25:00', '2015-06-29 09:25:00'),
(618, 0, 'Sebutkan planet-planet dalam tata surya secara urut, dari yang terdekat dengan matahari!', 2, 1, 1, 8, '', NULL, NULL, 'Merkurius, venus, bumi, mars, yupiter, saturnus, uranus, neptunus.', '', '', '', '', NULL, NULL, '', '', '2015-06-29 09:25:00', '2015-06-29 09:25:00'),
(619, 0, 'Sebutkan empat fungsi satelit buatan manusia!', 2, 2, 1, 8, '', NULL, NULL, '1. Alat penghitungan komunikasi\n2. Pemandu penerbangan\n3. Pemetaan permukaan bumi\n4. Pengamatan cuaca', '', '', '', '', NULL, NULL, '', '', '2015-06-29 09:25:00', '2015-06-29 09:25:00'),
(620, 0, 'Apa perbedaan rotasi dengan revolusi bumi?', 2, 1, 1, 8, '', NULL, NULL, 'Rotasi bumi adalah perputaran bumi pada porosnya, sedangkan revolusi bumi adalah perputaran bumi mengeliilingi matahari.', '', '', '', '', NULL, NULL, '', '', '2015-06-29 09:25:00', '2015-06-29 09:25:00'),
(621, 0, 'Dasar negara Indonesia adalah', 1, 1, 1, 6, '', NULL, NULL, '', 'UUD 1945', 'Pancasila', 'Garuda Pancasila', 'Bhinneka Tunggal Ika', NULL, 2, '', '', '2015-06-29 09:25:40', '2015-06-29 09:25:40'),
(622, 0, 'BPUPKI dibentuk pada masa penjajahan', 1, 1, 1, 6, '', NULL, NULL, '', 'Jepang', 'Inggris', 'Belanda', 'Portugis', NULL, 1, '', '', '2015-06-29 09:25:40', '2015-06-29 09:25:40'),
(623, 0, 'Ketua BPUPKI adalah', 1, 1, 1, 6, '', NULL, NULL, '', 'Ir. Soekarno', 'Drs. Moh. Hatta', 'Moh. Yamin', 'Radjiman Wedyodiningrat', NULL, 4, '', '', '2015-06-29 09:25:40', '2015-06-29 09:25:40'),
(624, 0, 'Ketua PPKI adalah', 1, 1, 1, 6, '', NULL, NULL, '', 'Ir. Soekarno', 'Drs. Moh. Hatta', 'Moh. Yamin', 'Prof. Dr. Supomo', NULL, 1, '', '', '2015-06-29 09:25:40', '2015-06-29 09:25:40'),
(625, 0, 'Pancasila sebagai dasar negara terdapat pada pembukaan UUD 1945 pada alinea', 1, 1, 1, 6, '', NULL, NULL, '', 'Pertama', 'Kedua', 'Ketiga', 'Keempat', NULL, 4, '', '', '2015-06-29 09:25:40', '2015-06-29 09:25:40'),
(626, 0, 'Dokuritsu Zumbi Coosakai adalah nama jepang untuk', 1, 1, 1, 6, '', NULL, NULL, '', 'PNI', 'BKR', 'PPKI', 'BPUPKI', NULL, 4, '', '', '2015-06-29 09:25:40', '2015-06-29 09:25:40'),
(627, 0, 'Segala tindakan dan tingkah laku kita sesuai dengan Pancasila. Dalam hal ini Pancasila merupakan', 1, 1, 1, 6, '', NULL, NULL, '', 'Pedoman hidup', 'Dasar negara', 'Bahan pelajaran', 'Modal hidup', NULL, 1, '', '', '2015-06-29 09:25:40', '2015-06-29 09:25:40'),
(628, 0, 'UUD 1945 disahkan tanggal 18 Agustus 1945 oleh', 1, 1, 1, 6, '', NULL, NULL, '', 'BPUPKI', 'PPKI', 'Komite Nasional', 'MPR', NULL, 2, '', '', '2015-06-29 09:25:40', '2015-06-29 09:25:40'),
(629, 0, 'Pemilihan ketua kelas VI dilaksanakan secara musyawarah. Hal ini merupakan pengalaman Pancasila, sila', 1, 1, 1, 6, '', NULL, NULL, '', 'Kedua', 'Ketiga', 'Keempat', 'Kelima', NULL, 3, '', '', '2015-06-29 09:25:40', '2015-06-29 09:25:40'),
(630, 0, 'Wujud pengalaman sila kemanusiaan yang adil dan beradab adalah', 1, 1, 1, 6, '', NULL, NULL, '', 'Tidak memaksakan agama orang lain', 'Tidak semena-mena kepada orang lain', 'Cinta tanah air', 'Gemar bermusyawarah', NULL, 2, '', '', '2015-06-29 09:25:40', '2015-06-29 09:25:40'),
(631, 0, 'Piagam Jakarta dirumuskan oleh', 1, 1, 1, 6, '', NULL, NULL, '', 'BPUPKI', 'PPKI', 'KNI', 'Panitia Sembilan', NULL, 4, '', '', '2015-06-29 09:25:40', '2015-06-29 09:25:40'),
(632, 0, 'Sila Ketuhanan Yang Maha Esa dilambangkan dengan gambar', 1, 1, 1, 6, '', NULL, NULL, '', 'Bintang', 'Rantai', 'Pohon beringin', 'Kepala banteng', NULL, 1, '', '', '2015-06-29 09:25:40', '2015-06-29 09:25:40'),
(633, 0, 'Perbuatan Indonesia adalah bunyi Pancasila sila', 1, 1, 1, 6, '', NULL, NULL, '', 'Pertama', 'Kedua', 'Ketiga', 'Keempat', NULL, 3, '', '', '2015-06-29 09:25:40', '2015-06-29 09:25:40'),
(634, 0, 'Gambar Padi dan Kapas melambangkan sila', 1, 1, 1, 6, '', NULL, NULL, '', 'Ketuhanan Yang Maha Esa', 'Kemanusiaan yang adil dan beradab', 'Persatuan Indonesia', 'Keadilan sosial bagi seluruh rakyat Indonesia', NULL, 4, '', '', '2015-06-29 09:25:40', '2015-06-29 09:25:40'),
(635, 0, 'Berikut ini merupakan tokoh-tokoh yang mengusulkan dasar negara Indonesia, kecuali', 1, 1, 1, 6, '', NULL, NULL, '', 'Ir. Soekarno', 'Drs. Moh. Hatta', 'Moh. Yamin', 'Prof. Dr. Supomo', NULL, 2, '', '', '2015-06-29 09:25:40', '2015-06-29 09:25:40'),
(636, 0, 'Siapa sajakah yang menyampaikan konsep dasar negara?', 2, 2, 1, 6, '', NULL, NULL, '1. Moh. Yamin\n2. Prof. Dr. Supomo\n3. Ir. Soekarno', '', '', '', '', NULL, NULL, '', '', '2015-06-29 09:25:40', '2015-06-29 09:25:40'),
(637, 0, 'Siapa sajakah yang menjadi ketua, wakil ketua, dan sekretaris dari BPUPKI!', 2, 2, 1, 6, '', NULL, NULL, '1. Ketua BPUPKI\nRadjiman Wedyodiningrat\n2. Wakil Ketua\nIcibangase (Jepang)\n3. Sekretaris\nR. P. Soeroso', '', '', '', '', NULL, NULL, '', '', '2015-06-29 09:25:40', '2015-06-29 09:25:40'),
(638, 0, 'Apa tugas pokok BPUPKI!', 2, 2, 1, 6, '', NULL, NULL, 'Tugas pokok BPUPKI, yaitu:\nMenyiapkan organisasi pemerintah yang akan menerima kemerdekaan dari pemerintah Jepang', '', '', '', '', NULL, NULL, '', '', '2015-06-29 09:25:40', '2015-06-29 09:25:40'),
(639, 0, 'Sebutkan isi Pancasila menurut Piagam Jakarta!', 2, 2, 1, 6, '', NULL, NULL, '1.Ketuhanan dengan kewajiban menjalankan syariat Islam bagi pemeluk-pemeluknya\n2. Kemanusiaan yang adil dan beradab\n3. Persatuan Indonesia\n4. Kerakyatan yang dipimpin oleh hikmat kebijaksanaan dalam permusyawaratan/perwakilan\n5. Keadilan sosial bagi seluruh rakyat Indonesia', '', '', '', '', NULL, NULL, '', '', '2015-06-29 09:25:40', '2015-06-29 09:25:40'),
(640, 0, 'Mengapa sila pertama dalam Piagam Jakarta diubah!', 2, 2, 1, 6, '', NULL, NULL, 'Karena tokoh rakyat Indonesia Timur kebaratan atas kata-kata pada Piagam Jakarta pada sila pertama. Untuk menghindari perdebatan, akhirnya kata-kata sila pertama dalam Piagam Jakarta diubah menjadi "Ketuhanan Yang Maha Esa"', '', '', '', '', NULL, NULL, '', '', '2015-06-29 09:25:40', '2015-06-29 09:25:40'),
(641, 0, 'Lembaga negara yang bertugas mengatur dan menyelenggarakan pemilu adalah', 1, 1, 1, 6, '', NULL, NULL, '', 'Presiden', 'Komisi Yudisial', 'Mahkamah Konstitusi', 'Komisi Pemilihan Umum', NULL, 4, '', '', '2015-06-29 09:25:40', '2015-06-29 09:25:40'),
(642, 0, 'Pemilu berfungsi untuk', 1, 1, 1, 6, '', NULL, NULL, '', 'Memilih kepala desa', 'Memilih gubernur', 'Memilih wakil-wakil rakyat', 'Memilih MPR', NULL, 3, '', '', '2015-06-29 09:25:40', '2015-06-29 09:25:40'),
(643, 0, 'Pemilu di Indonesia dilaksanakan secara berkala setiap', 1, 1, 1, 6, '', NULL, NULL, '', '4 tahun', '5 tahun', '6 tahun', '7 tahun', NULL, 2, '', '', '2015-06-29 09:25:40', '2015-06-29 09:25:40'),
(644, 0, 'Pada pemilu tahun 2004, Presiden dan Wakil Presiden RI dipilih oleh', 1, 1, 1, 6, '', NULL, NULL, '', 'Dewan Perwakilan Rakyat', 'Majelis Permusyawarahan Rakyat', 'Mahkamah Konstitusi', 'Rakyat Indonesia', NULL, 4, '', '', '2015-06-29 09:25:40', '2015-06-29 09:25:40'),
(645, 0, 'Pemilihan wakil rakyat dilakukan secara langsung oleh rakyat pertama kali dilaksanakan di Indonesia pada tahun', 1, 1, 1, 6, '', NULL, NULL, '', '1994', '1999', '2004', '2009', NULL, 3, '', '', '2015-06-29 09:25:40', '2015-06-29 09:25:40'),
(646, 0, 'Pemilihan kepala daerah harus dilaksanakan secara', 1, 1, 1, 6, '', NULL, NULL, '', 'Tidak langsung, umum, rahasia', 'Langsung, bebas, adil, licik', 'Bebas, terang-terangan, jujur, adil', 'Langsung, umum, bebas, rahasia, jujur, dan adil', NULL, 4, '', '', '2015-06-29 09:25:40', '2015-06-29 09:25:40'),
(647, 0, 'Pilkada yang dilakukan di tingkat provinsi untuk memilih', 1, 1, 1, 6, '', NULL, NULL, '', 'Camat', 'Bupati', 'Walo kota', 'Gubernur', NULL, 1, '', '', '2015-06-29 09:25:40', '2015-06-29 09:25:40'),
(648, 0, 'Di bawah ini merupakan Lembaga Legislatif, kecuali', 1, 1, 1, 6, '', NULL, NULL, '', 'BPK', 'DPD', 'DPSD I', 'MPR', NULL, 1, '', '', '2015-06-29 09:25:40', '2015-06-29 09:25:40'),
(649, 0, 'Di bawah ini merupaka Lembaga Yudikatif, kecuali', 1, 1, 1, 6, '', NULL, NULL, '', 'KY', 'MK', 'KPU', 'MA3', NULL, NULL, '', '', '2015-06-29 09:25:40', '2015-06-29 09:25:40'),
(650, 0, 'Sesuai Pasal 3 Ayat 1 UUD 1945(amandemen), tugas MPR sebagai Lembaga negara adalah', 1, 1, 1, 6, '', NULL, NULL, '', 'Mengurus keuangan negara', 'Pemegang kekuasaan kehakiman', 'Memutuskan perselisihan tentang hasil pemilu', 'Mengubah dan menetapkan Undang-Undang Dasar', NULL, 4, '', '', '2015-06-29 09:25:40', '2015-06-29 09:25:40'),
(651, 0, 'Lembaga negara yang mengurus masalah keuangan negara adalah', 1, 1, 1, 6, '', NULL, NULL, '', 'BPK', 'KY', 'MA', 'MPR', NULL, 1, '', '', '2015-06-29 09:25:40', '2015-06-29 09:25:40'),
(652, 0, 'Mahkamah Agung adalah lembaga negara pemegang kekuasaan', 1, 1, 1, 6, '', NULL, NULL, '', 'Keadilan', 'Kementrian', 'Kehakiman', 'Kesejahteraan', NULL, 3, '', '', '2015-06-29 09:25:40', '2015-06-29 09:25:40'),
(653, 0, 'Lembaga negara yang menjadi tidak ada setelah UUD 1945 diamandemen adalah', 1, 1, 1, 6, '', NULL, NULL, '', 'MA', 'MPR', 'DPD', 'DPA', NULL, 4, '', '', '2015-06-29 09:25:40', '2015-06-29 09:25:40'),
(654, 0, 'Lembaga negara yang memegang kekuasaan eksekutif atau kekuasaan untuk menjalankan roda pemerintahan adalah', 1, 1, 1, 6, '', NULL, NULL, '', 'BPK', 'MPR', 'DPD', 'Presiden', NULL, 4, '', '', '2015-06-29 09:25:40', '2015-06-29 09:25:40'),
(655, 0, 'Lembaga Eksekutif di Indonesia adalah', 1, 1, 1, 6, '', NULL, NULL, '', 'MPR', 'Presiden', 'MA', 'DPRD II', NULL, 2, '', '', '2015-06-29 09:25:40', '2015-06-29 09:25:40'),
(656, 0, 'Apa yang dimaksud dengan bebas dalam istilah Luber dan Jurdil?', 2, 2, 1, 6, '', NULL, NULL, 'Bebas, artinya semua warga negara yang memenuhi persyaratan sebagai pemilih dalam pemilu, bebas menentukan siapapun yang akan dipilih untuk mengemban aspirainya tanpa ada paksaan dan tekanan dari siapa pun.', '', '', '', '', NULL, NULL, '', '', '2015-06-29 09:25:40', '2015-06-29 09:25:40'),
(657, 0, 'Apa yang dimaksud pemilu?', 2, 2, 1, 6, '', NULL, NULL, 'Pemilih adalah warga negara Republik Indonesia yang pada hari pungutan suara sudah berumur 17 tahun atau sudah/pernah kawin dan mempunyai hak pilih.', '', '', '', '', NULL, NULL, '', '', '2015-06-29 09:25:40', '2015-06-29 09:25:40'),
(658, 0, 'Sebutkan tahap-tahap pemilihan kepala daerah!', 2, 2, 1, 6, '', NULL, NULL, '1. Masa persiapan pemilihan\n2. Pembentukan PPK, PPS, dan, KPPS\n3. Pendaftaran dan penetapan pemilih dalam pemilu\n4. Pendaftaran dan penetapan calon kepala daerah dan wakilnya yang bisa mengikuti pemilu\n5. Kampanye yang dilakukan oleh peserta pemilu\n6. Pemungutan dan penghitungan suara\n7. Menetapkan, pengesahan, dan pelantikan calon pasangan kepala daerah yang terpilih', '', '', '', '', NULL, NULL, '', '', '2015-06-29 09:25:40', '2015-06-29 09:25:40'),
(659, 0, 'Sebutkan tugas dan wewenang MPR!', 2, 2, 1, 6, '', NULL, NULL, 'Tugas dan wewenang MPR,yaitu :\n1.Mengubah  dan menetapkan Undang-Undang Dasar\n2. Melantik presiden dan wakil presiden\n3. Memberentikan presiden dan wakil presiden dalam masa abatannya menurut Undang-Undang Dasar', '', '', '', '', NULL, NULL, '', '', '2015-06-29 09:25:40', '2015-06-29 09:25:40'),
(660, 0, 'Sebutkan tata urutan pemerintahan di Indonesia!', 2, 2, 1, 6, '', NULL, NULL, '1. Neara dipimpin oleh presiden\n2. Provinsi dipimpin oleh gubernur\n3. a. Kabupaten dipimpin oleh bupati\nb. Kotamadya dipimpin oleh wali kota\n4. Kecamatan dipimpin oleh camat\n5. a.Kelurahan dipimpin oleh lurah\nb. Desa dipimpin oleh kepala desa', '', '', '', '', NULL, NULL, '', '', '2015-06-29 09:25:40', '2015-06-29 09:25:40'),
(661, 0, 'Falsafah hidup Bangsa Indonesia adalah', 2, 1, 1, 6, '', NULL, NULL, '6. Rukun warga dipimpin oleh RW\n7. Rukun tetangga dipimpin oleh ketua RT', 'BhinnekaTunggal Ika', 'Pancasila', 'GBHN', 'UUD 1945', NULL, 2, '', '', '2015-06-29 09:25:40', '2015-06-29 09:25:40'),
(662, 0, 'Bentuk negara Indonesia sesuaiUUD 1945 adalah', 1, 1, 1, 6, '', NULL, NULL, '', 'Serikat', 'Kerajaan', 'Monarki', 'Republik', NULL, 1, '', '', '2015-06-29 09:25:40', '2015-06-29 09:25:40'),
(663, 0, 'Tujuan pembentukan Negara Republik Indonesia tercantum pada Pembukaan UUD 1945 alinea', 1, 1, 1, 6, '', NULL, NULL, '', 'Kedua', 'Ketiga', 'Keempat', 'Pertama', NULL, 3, '', '', '2015-06-29 09:25:40', '2015-06-29 09:25:40'),
(664, 0, 'Nama Pancasila digunakan dan diusulkan pertama kali oleh', 1, 1, 1, 6, '', NULL, NULL, '', 'Drs. Moh. Hatta', 'Moh. Yamin', 'Ir. Soekarno', 'Prof. Dr. Supomo', NULL, 3, '', '', '2015-06-29 09:25:40', '2015-06-29 09:25:40'),
(665, 0, 'Pancasila sebagai dasar negara terdapat pada pembukaan UUD 1945 pada alinea', 1, 1, 1, 6, '', NULL, NULL, '', 'Alinea l', 'Alinea ll', 'Alinea lll', 'Alinea Lv', NULL, 4, '', '', '2015-06-29 09:25:40', '2015-06-29 09:25:40'),
(666, 0, 'BPUPKI dibentuk pada tanggal', 1, 1, 1, 6, '', NULL, NULL, '', '15035', '15096', '16496', '16557', NULL, 1, '', '', '2015-06-29 09:25:40', '2015-06-29 09:25:40'),
(667, 0, 'Sidang BPUPKI pada tanggal 29 Mei-1 Juni 1945 membaha tentang', 1, 1, 1, 6, '', NULL, NULL, '', 'Dasar Filsafat', 'Dasar negara Indonesia', 'Sumber hukum Indonesia', 'UUD 1945', NULL, 2, '', '', '2015-06-29 09:25:40', '2015-06-29 09:25:40'),
(668, 0, 'Ketua BPUPKI adalah', 1, 1, 1, 6, '', NULL, NULL, '', 'Ir. Soekarno', 'Prof. Dr. Supomo', 'Drs. Moh. Hatta', 'Dr. K.R.T. Radjiman Widyodinigrat', NULL, 4, '', '', '2015-06-29 09:25:40', '2015-06-29 09:25:40'),
(669, 0, '(1) Peri Kebangsaan\n(2) Peri Kemanusiaan\n(3)Peri Ketuhann\n(4) Peri Kerakyatan\n(5) Kesejahteraan yang berkebdayaan\n\nRumusan lima dasar ini diusulkan oleh', 1, 1, 1, 6, '', NULL, NULL, '', 'Ir. Soekarno', 'Moh. Yamin', 'Drs. Moh. Hatta', 'Mr. A.A. Maramis', NULL, 2, '', '', '2015-06-29 09:25:40', '2015-06-29 09:25:40'),
(670, 0, '(1) Kebangsaan Indonesia\n(2) Internasionalisme atau peri Kemanusiaan\n(3) Mufakat atau Demokrasi\n(4) Kesejahteraan Sosial\n(5) Ketuhanan Yang Maha Esa\n\nUsulan rumusan dasar negara tersebut dicetuskan oleh', 1, 1, 1, 6, '', NULL, NULL, '', 'Ir. Soekarno', 'Moh. Yamin', 'Drs. Moh. Hatta', 'A.A. Maramis', NULL, 1, '', '', '2015-06-29 09:25:40', '2015-06-29 09:25:40'),
(671, 0, 'Berikut ini merupakan tokoh-tokoh yang mengusulkan dasar negara Indonesia, kecuali', 1, 1, 1, 6, '', NULL, NULL, '', 'Ir. Soekarno', 'Drs. Moh. Hatta', 'Moh. Yamin', 'Prof. Dr. Supomo', NULL, 2, '', '', '2015-06-29 09:25:40', '2015-06-29 09:25:40'),
(672, 0, 'Ketua PPKI adalah', 1, 1, 1, 6, '', NULL, NULL, '', 'Ir. Soekarno', 'Drs. Moh. Hatta', 'Moh. Yamin', 'Prof. Dr. Supomo', NULL, 1, '', '', '2015-06-29 09:25:40', '2015-06-29 09:25:40'),
(673, 0, 'PPKI disebut juga dengan nama', 1, 1, 1, 6, '', NULL, NULL, '', 'Dokuritsu Zumbi Coosakai', 'Dokuritsu Zumbi Linkai', 'Dai Nippon', 'Cou Sangi In', NULL, 2, '', '', '2015-06-29 09:25:40', '2015-06-29 09:25:40'),
(674, 0, 'Salah satu contoh perilaku yang sesuai dengan sila kelima dari Pancasila adalah', 1, 1, 1, 6, '', NULL, NULL, '', 'Memberi bantuan atau pertolongan kepada korban bencana alam', 'Membagi rata pekerjaan laki-laki dan perempuan', 'Memberi hukuman sesuai dengan tingkat kesalahan', 'Bekerja membanting tulang untuk keluarga', NULL, 3, '', '', '2015-06-29 09:25:40', '2015-06-29 09:25:40'),
(675, 0, 'Pemilu merupakan sarana pelaksanaan .... dalam negara demokrasi.', 1, 1, 1, 6, '', NULL, NULL, '', 'Program partai politik', 'Kedaulatan rakyat', 'Hak asasi manusia', 'Kewajiban warga negara', NULL, 2, '', '', '2015-06-29 09:25:40', '2015-06-29 09:25:40'),
(676, 0, 'Anggota DPD dalam menjalankan tugas sehari-harinya dapat mengajukan kepada DPR RI beberapa masalah di antaranya adalah', 1, 1, 1, 6, '', NULL, NULL, '', 'Hubungan pusat dan daerah', 'Hubungan antar daerah', 'Kebijakan pemerintah daerah', 'Kebijakan pemerintah pusat', NULL, 1, '', '', '2015-06-29 09:25:40', '2015-06-29 09:25:40'),
(677, 0, 'Apabila ada perselisihan tentang hasil pemilu maka yang berwenang mengadili dan memutuskan adalah', 1, 1, 1, 6, '', NULL, NULL, '', 'MA (Mahkamah Agung)', 'KY (Komisi Yudisial)', 'MK (Mahkamah Konstitusi)', 'DPD (Dewan Perwakilan Daerah)', NULL, 3, '', '', '2015-06-29 09:25:40', '2015-06-29 09:25:40'),
(678, 0, 'Lembaga negara yang memegang kekuasaan eksekutif atau kekuasaan untuk menjalankan roda pemerintahan', 1, 1, 1, 6, '', NULL, NULL, '', 'Presiden', 'DPR', 'MPR', 'MK', NULL, 1, '', '', '2015-06-29 09:25:40', '2015-06-29 09:25:40'),
(679, 0, 'Menteri diangkat dan diberhentikan oleh', 1, 1, 1, 6, '', NULL, NULL, '', 'Komisi Pemilihan Umum', 'Dewan Perwakilan Rakyat Yamin', 'Majelis Permusyawaratan Rakyat', 'Presiden', NULL, 4, '', '', '2015-06-29 09:25:40', '2015-06-29 09:25:40'),
(680, 0, 'Lembaga tinggi negara yang anggotanya dipilih oleh rakyat melalui pemilu adalah', 1, 1, 1, 6, '', NULL, NULL, '', 'Mahkamah Agung', 'Komisi Yudisial', 'Mahkamah Konstitusi', 'Dewan Perwakilan Daerah', NULL, 4, '', '', '2015-06-29 09:25:40', '2015-06-29 09:25:40'),
(681, 0, 'Pilkada yang dilakukan di tingkat kabupaten untuk memilih', 1, 1, 1, 6, '', NULL, NULL, '', 'Bupati', 'Camat', 'Lurah', 'Gubernur', NULL, 1, '', '', '2015-06-29 09:25:40', '2015-06-29 09:25:40'),
(682, 0, 'Amendemen adalah', 1, 1, 1, 6, '', NULL, NULL, '', 'Pembatalan undang-undang', 'Pengesahan undang-undang', 'Perubahan undang-undang atau penambahan pada bagian yang sudah ada', 'Penyusunan undang-undang', NULL, 3, '', '', '2015-06-29 09:25:40', '2015-06-29 09:25:40'),
(683, 0, 'Lembaga Legislatif di Indonesia terdiri atas', 1, 1, 1, 6, '', NULL, NULL, '', 'MA dan Presiden', 'DPD dan MK', 'BPK dan MPR', 'DPD dan DPR', NULL, 4, '', '', '2015-06-29 09:25:40', '2015-06-29 09:25:40'),
(684, 0, 'Presiden mengangkat duta dan konsul dengan memerhatikan pertimbangan', 1, 1, 1, 6, '', NULL, NULL, '', 'Wakil presiden', 'DPR', 'Menteri kabinet', 'MPR', NULL, 2, '', '', '2015-06-29 09:25:40', '2015-06-29 09:25:40'),
(685, 0, 'Lembaga Yudikatif di Indonesia terdiri atas', 1, 1, 1, 6, '', NULL, NULL, '', 'DPR dan MPR', 'MA dan DPD', 'MK dan BPK', 'KY dan Presiden', NULL, 3, '', '', '2015-06-29 09:25:40', '2015-06-29 09:25:40'),
(686, 0, 'Sebutkan dua buah fungsi pokok Pancasila', 2, 2, 1, 6, '', NULL, NULL, '1. Sebagai pandangan hidup\n2. Sebagai dasar negara', '', '', '', '', NULL, NULL, '', '', '2015-06-29 09:25:40', '2015-06-29 09:25:40'),
(687, 0, 'Sebutkan isi Pancasila menurut Piagam Jakarta!', 2, 2, 1, 6, '', NULL, NULL, '1. Ketuhanan dengan kewajiban menjalankan syariat Islam bagi pemeluk-pemeluknya\n2. Kemanusiaan yang adil dan beradab\n3. Persatuan Indonesia\n4. Kerakyatan yang dipimpin oleh hikmat kebijaksanaan dalam permusyawaratan/perwakilan\n5. Keadilan sosial bagi seluruh rakyat Indonesia', '', '', '', '', NULL, NULL, '', '', '2015-06-29 09:25:40', '2015-06-29 09:25:40'),
(688, 0, 'Mengapa sila pertama dalam Piagam Jakarta diubah!', 2, 2, 1, 6, '', NULL, NULL, 'Karena tokoh rakyat Indonesia Timur kebaratan atas kata-kata pada Piagam Jakarta pada sila pertama. Untuk menghindari perdebatan, akhirnya kata-kata sila pertama dalam Piagam Jakarta diubah menjadi "Ketuhanan Yang Maha Esa"', '', '', '', '', NULL, NULL, '', '', '2015-06-29 09:25:40', '2015-06-29 09:25:40'),
(689, 0, 'Sebutkan kewajiban dan wewenang dari Mahkamah Agung!', 2, 2, 1, 6, '', NULL, NULL, '1. Berwenang mengadili pada tingkat kasasi, menguji kelayakan peraturan perndang-undangan, dan mempunyai wewenang lainnya yang diberikan oleh undang-undang.\n2. Mengajukan tiga orang anggota hakim konstitusi.\n3. Memberikan pertimbangan kepada presiden dalam memberikan hak grasi dan rehabilitasi.', '', '', '', '', NULL, NULL, '', '', '2015-06-29 09:25:40', '2015-06-29 09:25:40'),
(690, 0, 'Sebutkan tugas dan wewenang presiden!', 2, 2, 1, 6, '', NULL, NULL, 'Tugas dan wewenang presiden sebagai kepala negara meliputi:\n1. Memegang kekuasaan pemerintahan.\n2. Menetapkan Peraturan Pemerintah (PP) untuk menjalankan UU.\n3. Mengangkat dan memberhentikan menteri negara.', '', '', '', '', NULL, NULL, '', '', '2015-06-29 09:25:40', '2015-06-29 09:25:40'),
(691, 0, 'Mengapa kita harus bekerja sama dengan negara lain?', 1, 1, 1, 6, '', NULL, NULL, '', 'Karena kita bertetangga', 'Karena negara lain membutuhkan negara Indonesia', 'Karena kita tidak dapat membangun dan memenuhi kebutuhan negara tanpa negara lain', 'Karena Indonesia adalah negara berkembang', NULL, 3, '', '', '2015-06-29 09:25:40', '2015-06-29 09:25:40'),
(692, 0, 'Jumlah angota ASEAN saat ini adalah', 1, 1, 1, 6, '', NULL, NULL, '', '7 negara', '8 negara', '9 negara', '10 negara', NULL, 4, '', '', '2015-06-29 09:25:40', '2015-06-29 09:25:40'),
(693, 0, 'Tujuan melakukan kerja sama ekonomi antarnegara adalah', 1, 1, 1, 6, '', NULL, NULL, '', 'Agar menjadi terkenal di negara lain', 'Untuk  mendatangkan devisa', 'Untuk melakukan pembangunan dan meningkatkan kesejahteraan rakyarnya', 'Untuk menarik minat para turis', NULL, 3, '', '', '2015-06-29 09:25:40', '2015-06-29 09:25:40'),
(694, 0, 'ASEAN merupakan singkatan dari', 1, 1, 1, 6, '', NULL, NULL, '', 'Association of South East Asian Nations', 'Association of Asian Nations', 'Association of South Asian Nations', 'Association of South West Asian Nations', NULL, 1, '', '', '2015-06-29 09:25:40', '2015-06-29 09:25:40'),
(695, 0, 'Kerja sama dengan negara lain dapat dilakukan dalam bidang berikut, kecuali', 1, 1, 1, 6, '', NULL, NULL, '', 'Ekonomi', 'Politik', 'Sosial budaya', 'Kekerasan', NULL, 4, '', '', '2015-06-29 09:25:40', '2015-06-29 09:25:40'),
(696, 0, 'Perhatikanambar peta di bawah ini!\n\n\nHuruf X pada gambar peta di atas menunjukkan letak negara ... dan  bergabung ASEAN pada tanggal...', 1, 1, 1, 6, '', NULL, NULL, '', 'Vietnam, 28 Juli 1995', 'Kamboja, 16 Desember 1998', 'Myanmar 23 Juli 1997', 'Laos, 23 Jli 1997', NULL, 2, 'files/quizz/2015-06-29 09:25:40/Peta dunia', '', '2015-06-29 09:25:40', '2015-06-29 09:25:40'),
(697, 0, 'Sejak ASEAN yang pertama adalah', 1, 1, 1, 6, '', NULL, NULL, '', 'Adam Malik', 'Tun Abdul Razak', 'H.R. Dharsono', 'Narsisco Ramos', NULL, 3, '', '', '2015-06-29 09:25:40', '2015-06-29 09:25:40'),
(698, 0, 'Sekretariat tetap ASEAN berada di', 1, 1, 1, 6, '', NULL, NULL, '', 'Bangkok', 'Kuala Lumpur', 'Honai', 'Jakarta', NULL, 4, '', '', '2015-06-29 09:25:40', '2015-06-29 09:25:40'),
(699, 0, 'ASEAN didirikan pada tanggal', 1, 1, 1, 6, '', NULL, NULL, '', '23230', '26518', '23240', '26528', NULL, 1, '', '', '2015-06-29 09:25:40', '2015-06-29 09:25:40'),
(700, 0, 'Baerikut ini adalah negara anggota ASEAN, kecuali', 1, 1, 1, 6, '', NULL, NULL, '', 'Indonesia', 'Brunai Darussalam', 'Timor Leste', 'Singapura', NULL, 3, '', '', '2015-06-29 09:25:40', '2015-06-29 09:25:40'),
(701, 0, 'Mata uang Thailand disebut', 1, 1, 1, 6, '', NULL, NULL, '', 'Dolar', 'Ringgit', 'New kip', 'Bath', NULL, 4, '', '', '2015-06-29 09:25:40', '2015-06-29 09:25:40'),
(702, 0, 'Pesta olahraga Asia Tenggara yang diadakan tiap dua tahun sekali disebut', 1, 1, 1, 6, '', NULL, NULL, '', 'Olimpiade', 'World Cup', 'AFF', 'SEA Games', NULL, 4, '', '', '2015-06-29 09:25:40', '2015-06-29 09:25:40'),
(703, 0, 'Brunei Darussalam bergabung menjadi anggota ASEAN peda tanggal', 1, 1, 1, 6, '', NULL, NULL, '', '29226', '29223', '30322', '30319', NULL, 1, '', '', '2015-06-29 09:25:40', '2015-06-29 09:25:40'),
(704, 0, 'Wakil Indonesia yang memprakarasai ASEAN adalah', 1, 1, 1, 6, '', NULL, NULL, '', 'Moh. Hatta', 'Tun Abdul Razak', 'Sayuti Melik', 'Adam Malik', NULL, 4, '', '', '2015-06-29 09:25:40', '2015-06-29 09:25:40'),
(705, 0, 'Salah satu tujuan didirikannya ASEAN adalah', 1, 1, 1, 6, '', NULL, NULL, '', 'Meningkatkan perdamaian san stabilitas di Asia Tenggara', 'Meningkatkan kekuatan Asia Tenggara untuk melawan Amerika atau Eropa.', 'Mempercepat pertumbuhan ekonomi dan kemajua sosial budaya di Asia Tengara.', 'Memajukan penelitian bersama mengenai masalah-masalah di Asia Tenggara.', NULL, 2, '', '', '2015-06-29 09:25:40', '2015-06-29 09:25:40'),
(706, 0, 'Sebutkan lima perdana menteri pemrakarsa ASEAN', 2, 2, 1, 6, '', NULL, NULL, '1.Adam Malik dari Indonesia\n2. Tun ABDL Razak dari Malaysia\n3. hanat Koman dari Thailand\n4. Narsisco Ramos dari Filipina\n5. S. Rajaratman dari Singapura', '', '', '', '', NULL, NULL, '', '', '2015-06-29 09:25:40', '2015-06-29 09:25:40'),
(707, 0, 'Sebutkan 10 anggota ASEAN', 2, 2, 1, 6, '', NULL, NULL, '1. Indonesia\n2. Malaysia\n3. Singapura\n4. Thailand\n5.Filiphina\n6. Vietnam\n7. Kamboja\n8. Myanmar\n9. Laos\n10. Brunei Darussalam', '', '', '', '', NULL, NULL, '', '', '2015-06-29 09:25:40', '2015-06-29 09:25:40'),
(708, 0, 'Sebutkan 3 tujuan didirikannya ASEAN!', 2, 2, 1, 6, '', NULL, NULL, '1. Mempercepat pertumbuhan ekonomi da kemajuan sosial budaya di Asia Tenggara.\n2. Meningkatkan perdamaian dan stabilitas di Asia Tenggara.\n3. Meningkatkan kerja sama dan saling membantu untuk kepentingan bersama dalam bidang ekonomi, sosial, kebudayaan, dan teknoloi(Iptek)', '', '', '', '', NULL, NULL, '', '', '2015-06-29 09:25:40', '2015-06-29 09:25:40'),
(709, 0, 'Jelaskan arti lambang ASEAN', 2, 2, 1, 6, '', NULL, NULL, 'Lambang ASEAN adalah seikat batan padi yang berjumlah sepuluh batang sesuai dengan jumlah anggotannya.\nLambang tersebut menggambarkan solidaritas dan kesepakatan ASEAN serta melambangkan adanya ikatan kerja sama untuk encapai kemakmuran rakyatnya.', '', '', '', '', NULL, NULL, '', '', '2015-06-29 09:25:40', '2015-06-29 09:25:40'),
(710, 0, 'Sebutkan macam-macam kerja sama antarnegara!', 2, 2, 1, 6, '', NULL, NULL, '1. Kerjasama bilateral\n2. Kerja sama mltilateral\n3. Kerja sama regional\n4. Kerja sama ekonomi antar-regional\n5. Kerja sama ekonomi internasional', '', '', '', '', NULL, NULL, '', '', '2015-06-29 09:25:40', '2015-06-29 09:25:40'),
(711, 0, 'Wakil Indonesia dalam konferensi colombo adalah', 1, 1, 1, 6, '', NULL, NULL, '', 'Ir. Soekarno', 'Drs. Moh. Hatta', 'Ali Sastroamidjojo', 'Moh. Ali Jinna', NULL, 3, '', '', '2015-06-29 09:25:40', '2015-06-29 09:25:40'),
(712, 0, 'Tokoh-tokoh yang hadir dalam konferensi Colombo, kecuali', 1, 1, 1, 6, '', NULL, NULL, '', 'U Nu', 'Sir John Kotelawala', 'Jawaharlal Nehru', 'Gamal Abdel Naser', NULL, 4, '', '', '2015-06-29 09:25:40', '2015-06-29 09:25:40'),
(713, 0, 'Jawaharlal Nehru adalah pelopor KAA yang berasal dari', 1, 1, 1, 6, '', NULL, NULL, '', 'Thailand', 'India', 'Srilangka', 'Pakistan', NULL, 2, '', '', '2015-06-29 09:25:40', '2015-06-29 09:25:40'),
(714, 0, 'Berikut ini adalah pelopor KAA, kecuali', 1, 1, 1, 6, '', NULL, NULL, '', 'Thailand', 'Indonesia', 'Srilangka', 'Pakistan', NULL, 1, '', '', '2015-06-29 09:25:40', '2015-06-29 09:25:40'),
(715, 0, 'Organisasi yang bergerak dalam bidang perdagangan internasional adalah', 1, 1, 1, 6, '', NULL, NULL, '', 'ILO', 'FAO', 'WCO', 'WTO', NULL, 4, '', '', '2015-06-29 09:25:40', '2015-06-29 09:25:40'),
(716, 0, 'Konferensi Aia Afrika dilaksanakan di Bandung pada tanggal', 1, 1, 1, 6, '', NULL, NULL, '', '18-24 Maret 1995', '18-24 April 1995', '18-24 Mei 1995', '18-24 Juni 1995', NULL, 2, '', '', '2015-06-29 09:25:40', '2015-06-29 09:25:40'),
(717, 0, 'Organisasi yang bergerak dalam bidang pendidikan dan kebudayaan adalah', 1, 1, 1, 6, '', NULL, NULL, '', 'FAO', 'ILO', 'UNICEF', 'UNESCO', NULL, 4, '', '', '2015-06-29 09:25:40', '2015-06-29 09:25:40'),
(718, 0, 'Indonesia menjadi anggota PBB pada tahun', 1, 1, 1, 6, '', NULL, NULL, '', '1940', '1945', '1950', '1955', NULL, 3, '', '', '2015-06-29 09:25:40', '2015-06-29 09:25:40'),
(719, 0, 'Negara-negara yang mendirikan PBB, kecuali', 1, 1, 1, 6, '', NULL, NULL, '', 'Inggris', 'Cina', 'Amerika Serikat', 'Jerman', NULL, 4, '', '', '2015-06-29 09:25:40', '2015-06-29 09:25:40'),
(720, 0, 'PBB secara resmi berdiri pada tanggal', 1, 1, 1, 6, '', NULL, NULL, '', '15272', '18924', '17071', '18741', NULL, 1, '', '', '2015-06-29 09:25:40', '2015-06-29 09:25:40'),
(721, 0, 'Tokoh pendiri Gerakan Non-Blok, kecuali', 1, 1, 1, 6, '', NULL, NULL, '', 'Ir. Soekarno', 'Pandit Jawaharlal Nehru', 'Sir John Kotelawala', 'Kwame Nkrumah', NULL, 3, '', '', '2015-06-29 09:25:40', '2015-06-29 09:25:40'),
(722, 0, 'KTT Gerakan Non-Blok pertama dilaksakan di kota', 1, 1, 1, 6, '', NULL, NULL, '', 'San Fransisco', 'Beograd', 'New York', 'Jakarta', NULL, 2, '', '', '2015-06-29 09:25:40', '2015-06-29 09:25:40'),
(723, 0, 'Negara-negara berikut adalah pendiri Gerakan Non-Blok, kecuali', 1, 1, 1, 6, '', NULL, NULL, '', 'Mesir', 'Indonesia', 'Ghana', 'Inggris', NULL, 4, '', '', '2015-06-29 09:25:40', '2015-06-29 09:25:40'),
(724, 0, 'Pasukan perdamaian Indonesia yang bertugas di bawah komando PBB disebut', 1, 1, 1, 6, '', NULL, NULL, '', 'Pasukan Amfibi', 'Pasukan Kopassus', 'Pasukan Garuda', 'Pasukan Infantri', NULL, 3, '', '', '2015-06-29 09:25:40', '2015-06-29 09:25:40'),
(725, 0, 'Jesep Broz Tito adalah pemrakarsa GBN yang berasal dari negara', 1, 1, 1, 6, '', NULL, NULL, '', 'Yogoslavia', 'Inggris', 'Mesir', 'Jerman', NULL, 1, '', '', '2015-06-29 09:25:40', '2015-06-29 09:25:40'),
(726, 0, 'Sebutkan empat hasil Konferensi Asia Afrika!', 2, 2, 1, 6, '', NULL, NULL, '1. Menghormati hak-hak dasar manusia dengan Piagam PBB.\n2. Menghormati kedalatan wilayah setiap negara\n3. Mengakui persamaan semua ras dan persamaan semua bangsa, baik besar maupun kecil.\n4. Tidak melakukan campur tangan dalam soal-soal dalam negeri, baik besar maupun kecil.', '', '', '', '', NULL, NULL, '', '', '2015-06-29 09:25:40', '2015-06-29 09:25:40'),
(727, 0, 'Sebutkan negara-negara dan tokoh-tokoh pelopor KAA!', 2, 2, 1, 6, '', NULL, NULL, '1. Indonesia : Ali Sastroamidjojo\n2. India : Jawaharlal Nehru\n3. Srilangka :Sir. John Kotelawala\n4. Pakistan : Moh. Ali Jinna\n5. Burma : U Nu', '', '', '', '', NULL, NULL, '', '', '2015-06-29 09:25:40', '2015-06-29 09:25:40'),
(728, 0, 'Sebutkan tujuan kerja sama ekonomi antarnegara!', 2, 2, 1, 6, '', NULL, NULL, 'a. Memenuhi kebutuhan barang-barang atau jasa bagi bangsa itu sendiri dalam negeri.\nb. Meningkatkan kestabilan dalam bidang ekonomi, politik, sosial budaya, dan pertahanan keamanan.\nc. Melindungi pertumbuhan dan pengembangan industri di dalam negeri.', '', '', '', '', NULL, NULL, '', '', '2015-06-29 09:25:40', '2015-06-29 09:25:40'),
(729, 0, 'Sebutkan peran Indonesia dalam bidang keamanan!', 2, 2, 1, 6, '', NULL, NULL, '1. Memelihara perdamaian dunia.\n2. Pelucutan senjata.\n3. Pemberantasan terorisme.', '', '', '', '', NULL, NULL, '', '', '2015-06-29 09:25:40', '2015-06-29 09:25:40'),
(730, 0, 'Sebutkan pemrakarsaan Gerakan Non-Blok!', 2, 2, 1, 6, '', NULL, NULL, '1. Ir. Soekarno (Presiden Indonesia),\n2.  Pandit Jawaharlal Nehry (Perdana Mentri India),\n3. amal Abdel Naser (Presiden Mesir),\n4. Josep Broz Tito (Presiden Yugoslavia),\n5. Kweme Nkrumah (Ghana).', '', '', '', '', NULL, NULL, '', '', '2015-06-29 09:25:40', '2015-06-29 09:25:40'),
(731, 0, 'ASEAN dibentuk pada', 1, 1, 1, 6, '', NULL, NULL, '', '23230', '23239', '23232', '23234', NULL, 1, '', '', '2015-06-29 09:25:40', '2015-06-29 09:25:40'),
(732, 0, 'ASEAN dibentuk berdasarkan kesepakatan', 1, 1, 1, 6, '', NULL, NULL, '', 'Deklarasi ASEAN', 'Dasasila Bandung', 'Piagam Jakarta', 'Deklarasi Bangkok', NULL, 4, '', '', '2015-06-29 09:25:40', '2015-06-29 09:25:40'),
(733, 0, 'Manakah dari nama-nama berikut ini yang tidak termasuk menteri luar negeri negara-negara di Asia Tenggara yang menandatangani Deklarasi Bangkok?', 1, 1, 1, 6, '', NULL, NULL, '', 'Fidel Ramos', 'S. Rajaratnam', 'Thanat Khoman', 'Narsisco Ramos', NULL, 1, '', '', '2015-06-29 09:25:40', '2015-06-29 09:25:40'),
(734, 0, 'Perwakilan dari Indonesia ang menandatangani Deklarasi Bangkok adalah', 1, 1, 1, 6, '', NULL, NULL, '', 'Hasan Wirayuda', 'Adam Malik', 'Ali Alatas', 'Sutan Syahrir', NULL, 2, '', '', '2015-06-29 09:25:40', '2015-06-29 09:25:40'),
(735, 0, 'Salah satu tujuan didirikannya ASEAN adalah', 1, 1, 1, 6, '', NULL, NULL, '', 'Meningkatkan kekuatan kawasan Asia Tenggara untuk melawan Amerika dan Uni Soviet', 'Menyatukan seluruh kawasan Asia Tenggara menjadi sebuah negara yang besar dan kuat', 'Mengadakan Kerja sama antara negara-negara di Asia Tenggara', 'Meminta negara-negara tetangga mengakui Indonesia sebagai negara-negara terbesar di Asia Tenggara', NULL, 3, '', '', '2015-06-29 09:25:40', '2015-06-29 09:25:40'),
(736, 0, 'Di bawah ini merupakan negara angota ASEAN, kecuali', 1, 1, 1, 6, '', NULL, NULL, '', 'Indonesia', 'Thailand', 'Brunei Darussalam', 'Korea', NULL, 4, '', '', '2015-06-29 09:25:40', '2015-06-29 09:25:40'),
(737, 0, 'Pertukaran pelajar Indonesia dengan pelajar dari negara lain merupakan kegiatan ASEAN dalam bidang', 1, 1, 1, 6, '', NULL, NULL, '', 'Politik', 'Ekonomi', 'Sosial Budaya', 'Pendidikan', NULL, 4, '', '', '2015-06-29 09:25:40', '2015-06-29 09:25:40'),
(738, 0, 'Tokoh (Indonesia) penggagas politik luar negeri bebas aktif adalah', 1, 1, 1, 6, '', NULL, NULL, '', 'Drs. Moh. Hatta', 'Moh. Yamin', 'Ir. Soekarno', 'Prof. Dr. Supomo', NULL, 1, '', '', '2015-06-29 09:25:40', '2015-06-29 09:25:40'),
(739, 0, 'Landasan politik luar negeri Indonesia adalah', 1, 1, 1, 6, '', NULL, NULL, '', 'Idiil', 'Konstitusional', 'Idiil dan Konstitusional', 'Operasional', NULL, 3, '', '', '2015-06-29 09:25:40', '2015-06-29 09:25:40'),
(740, 0, 'Peran Indonesia dalam menciptakan perdamaian di kawasan Asia Tenggara adalah', 1, 1, 1, 6, '', NULL, NULL, '', 'Membantu konflik di Kamboja', 'Membantu penyelesaian konflik di Kamboja', 'Membantu konflik suku Moro di Filipina', 'Mempersenjatai konflik suku Moro di Filipina', NULL, 2, '', '', '2015-06-29 09:25:40', '2015-06-29 09:25:40'),
(741, 0, 'Kerja sama antarbangsa dilaksanakan untuk mencapai tujuan tertentu dengan cara', 1, 1, 1, 6, '', NULL, NULL, '', 'Saling mengejek', 'Saling bersaing', 'Saling bertentangan', 'Saling melengkapi kebutuhan', NULL, 4, '', '', '2015-06-29 09:25:40', '2015-06-29 09:25:40'),
(742, 0, 'Perhatikanambar peta di bawah ini!\n\n\nHuruf X pada gambar peta di atas menunjukkan letak negara ... dan  bergabung ASEAN pada tanggal...', 1, 1, 1, 6, '', NULL, NULL, '', 'Vietnam, 28 Juli 1995', 'Kamboja, 16 Desember 1998', 'Myanmar 23 Juli 1997', 'Laos, 23 Jli 1997', NULL, 1, 'files/quizz/2015-06-29 09:25:40/Gambar peta dunia', '', '2015-06-29 09:25:40', '2015-06-29 09:25:40'),
(743, 0, 'Salah satu peran yang menunjukkan Indonesia aktif dalam pergaulan dunia adalah', 1, 1, 1, 6, '', NULL, NULL, '', 'Melancarkan gerakan genyang Malaysia', 'Menjadi anggota gerakan Blok Barat', 'Menjadi tuan rumah Konferensi Asia Afrika', 'Menjadi anggota gerakan Blok Timur', NULL, 3, '', '', '2015-06-29 09:25:40', '2015-06-29 09:25:40'),
(744, 0, 'Indonesia menjadi tuan rumah KTT GBN pada tahun', 1, 1, 1, 6, '', NULL, NULL, '', '1991', '1992', '1993', '1994', NULL, 2, '', '', '2015-06-29 09:25:40', '2015-06-29 09:25:40'),
(745, 0, 'Hasil dari Koferensi Asia Afrika adalah', 1, 1, 1, 6, '', NULL, NULL, '', 'Pakta Warsawa', 'ZOPFAN', 'Deklarasi Bangkok', 'Deklarasi Bandung', NULL, 4, '', '', '2015-06-29 09:25:40', '2015-06-29 09:25:40'),
(746, 0, 'Negara-negara pelopor KAA, yaitu', 1, 1, 1, 6, '', NULL, NULL, '', 'Burma', 'Filipina', 'Srilangka', 'Pakistan', NULL, 2, '', '', '2015-06-29 09:25:40', '2015-06-29 09:25:40'),
(747, 0, 'Konferensi Aia Afrika dilaksanakan di Bandung pada tanggal', 1, 1, 1, 6, '', NULL, NULL, '', '18-24 Maret 1995', '18-24 Juni 1995', '18-24 Mei 1995', '18-24 April 1995', NULL, 4, '', '', '2015-06-29 09:25:40', '2015-06-29 09:25:40'),
(748, 0, 'Pemerintah Indonsia pertama kali menjadi anggota PBB pada tahun', 1, 1, 1, 6, '', NULL, NULL, '', '1940', '1945', '1950', '1955', NULL, 3, '', '', '2015-06-29 09:25:40', '2015-06-29 09:25:40'),
(749, 0, 'Markas besar PBB ditetapkan di kota', 1, 1, 1, 6, '', NULL, NULL, '', 'Washington DC', 'Paris', 'London', 'New York', NULL, 4, '', '', '2015-06-29 09:25:40', '2015-06-29 09:25:40'),
(750, 0, 'Ketua delegasi Republik Indonesia pertama yang mengikuti Sidang Umum PBB adalah', 1, 1, 1, 6, '', NULL, NULL, '', 'Moh. Hatta', 'Ir. Soekarno', 'Drs. Moh. Hatta', 'Ali Sastroamidjoyo', NULL, 1, '', '', '2015-06-29 09:25:40', '2015-06-29 09:25:40'),
(751, 0, 'Di bawah ini merupakan organisasi internasional yang diikuti oleh Indonesia, kecuali', 1, 1, 1, 6, '', NULL, NULL, '', 'PBB', 'ASEAN', 'NATO', 'GBN', NULL, 3, '', '', '2015-06-29 09:25:40', '2015-06-29 09:25:40'),
(752, 0, 'Berikut ini yang bukan termasuk tujuan didirikannya PBB adalah', 1, 1, 1, 6, '', NULL, NULL, '', 'Mewujudkan perdamaian dunia', 'Meningkatkan kerja sama antarnegara anggota', 'Membantu menyelesaikan konflik antar satu negara dan negara lainnya ', 'Mengusahakan dan mengembangkan hanya untuk anggota Blok Barat', NULL, 4, '', '', '2015-06-29 09:25:40', '2015-06-29 09:25:40');
INSERT INTO `questions` (`id`, `quizz_id`, `question`, `tipe`, `level`, `kelas`, `pelajaran_id`, `mapel`, `penjelasan`, `point_nilai`, `answer2`, `answer_a`, `answer_b`, `answer_c`, `answer_d`, `answer_e`, `answer_true`, `images`, `video`, `created`, `modified`) VALUES
(753, 0, 'Tokoh-tokoh memprakarsai didirikannya GBN, kecuali', 1, 1, 1, 6, '', NULL, NULL, '', 'Gamal Abdel Naser', 'Pandit Jawaharlal Nehru', 'Moh. Ali Jinna', 'Kwame Nkrumah', NULL, 3, '', '', '2015-06-29 09:25:40', '2015-06-29 09:25:40'),
(754, 0, 'Pasukan perdamaian Indonesia yang bertugas di bawah komando PBB disebut', 1, 1, 1, 6, '', NULL, NULL, '', 'Pasukan Garuda', 'Pasukan Marinir', 'Pasukan Amfibi', 'Pasukan Infantri', NULL, 1, '', '', '2015-06-29 09:25:40', '2015-06-29 09:25:40'),
(755, 0, 'Negara-negara berikut adalah pendiri Gerakan Non-Blok, kecuali', 1, 1, 1, 6, '', NULL, NULL, '', 'Mesir', 'Turki', 'Ghana', 'India', NULL, 2, '', '', '2015-06-29 09:25:40', '2015-06-29 09:25:40'),
(756, 0, 'Sebutkan tokoh-tokoh yang memprakarsai dibentuknya ASEAN!', 2, 2, 1, 6, '', NULL, NULL, '1. Adam Malik dari Indonesia\n2. Tun Abdul Razak dari Malaysia\n3. Thanat Koman dari Thailand\n4. Narsisco Ramos dari Filipina\n5. S. Rajaratman dari Sinapura', '', '', '', '', NULL, NULL, '', '', '2015-06-29 09:25:40', '2015-06-29 09:25:40'),
(757, 0, 'Jelaskan tujuan dibentuknya ASEAN!', 2, 2, 1, 6, '', NULL, NULL, '1. Mempercepat pertumbuhan ekonomi\n2. Mewujudkan terciptanya perdamaian dunia\n3. Menciptakan kerja sama yang efektif', '', '', '', '', NULL, NULL, '', '', '2015-06-29 09:25:40', '2015-06-29 09:25:40'),
(758, 0, 'Apa yang dimaksud dengan kerja sama bilateral dan multilateral?', 2, 2, 1, 6, '', NULL, NULL, '1. Kerja sama bilateral merupakan kerja sama antar dua negara.\n2. Kerja sama multilateral merupakan kerja sama tiga negara atau lebih.', '', '', '', '', NULL, NULL, '', '', '2015-06-29 09:25:40', '2015-06-29 09:25:40'),
(759, 0, 'Sebutkan lima tokoh pelopor KAA!', 2, 2, 1, 6, '', NULL, NULL, '1. Indonesia : Ali Sastroamidjojo\n2. India : Jawaharlal Nehru\n3. Srilangka :Sir. John Kotelawala\n4. Pakistan : Moh. Ali Jinna\n5. Burma : U Nu', '', '', '', '', NULL, NULL, '', '', '2015-06-29 09:25:40', '2015-06-29 09:25:40'),
(760, 0, 'Sebutkan peranan Indonesia dalam bidang keamanan!', 2, 2, 1, 6, '', NULL, NULL, '1. Memelihara perdamaian dunia.\n2. Pelucutan senjata.\n3. Pemberantasan terorisme.', '', '', '', '', NULL, NULL, '', '', '2015-06-29 09:25:40', '2015-06-29 09:25:40'),
(761, 0, 'She always does her homework. She is', 1, 1, 1, 5, '', NULL, NULL, '', 'Diligent', 'Crazy', 'Lazy', 'Angry', NULL, 1, '', '', '2015-06-29 09:37:04', '2015-06-29 09:37:04'),
(762, 0, 'Azis gets the first rank in his class. He is', 1, 1, 1, 5, '', NULL, NULL, '', 'Stupid', 'Lazy', 'Crazy', 'Smart', NULL, 4, '', '', '2015-06-29 09:37:04', '2015-06-29 09:37:04'),
(763, 0, 'Mr. Dani was accident. His hand was', 1, 1, 1, 5, '', NULL, NULL, '', 'United', 'White skin', 'Injured', 'Long', NULL, 3, '', '', '2015-06-29 09:37:04', '2015-06-29 09:37:04'),
(764, 0, 'He gets loterry. He is', 1, 1, 1, 5, '', NULL, NULL, '', 'Kind', 'Lucky', 'Shy', 'Care', NULL, 2, '', '', '2015-06-29 09:37:04', '2015-06-29 09:37:04'),
(765, 0, 'My grandfather is 72 years old. He is an', 1, 1, 1, 5, '', NULL, NULL, '', 'Fat man', 'Thin man', 'Young man', 'Old man', NULL, 4, '', '', '2015-06-29 09:37:04', '2015-06-29 09:37:04'),
(766, 0, 'Mr. Richard doesn''t see anything. He is', 1, 1, 1, 5, '', NULL, NULL, '', 'Invalid', 'Deaf', 'Blind', 'Shy', NULL, 3, '', '', '2015-06-29 09:37:04', '2015-06-29 09:37:04'),
(767, 0, 'Mrs. Pretty is 120 kg. She is', 1, 1, 1, 5, '', NULL, NULL, '', 'Thin', 'Fat', 'Tall', 'Short', NULL, 2, '', '', '2015-06-29 09:37:04', '2015-06-29 09:37:04'),
(768, 0, 'His hair is', 1, 1, 1, 5, '', NULL, NULL, '', 'Short', 'Wavy', 'Curly', 'Straight', NULL, 4, '', '', '2015-06-29 09:37:04', '2015-06-29 09:37:04'),
(769, 0, 'Every one likes Mrs. Dewi because she is', 1, 1, 1, 5, '', NULL, NULL, '', 'Shy', 'Kind and care', 'Rude', 'Crazy', NULL, 2, '', '', '2015-06-29 09:37:04', '2015-06-29 09:37:04'),
(770, 0, 'Ronald can answer all of mathematic question. He is', 1, 1, 1, 5, '', NULL, NULL, '', 'Kind', 'Deligent', 'Stupid', 'Clever', NULL, 4, '', '', '2015-06-29 09:37:04', '2015-06-29 09:37:04'),
(771, 0, 'Mrs. Sumi cannot hear voice. She is', 1, 1, 1, 5, '', NULL, NULL, '', 'Deaf', 'Blind', 'Invalid', 'Injured', NULL, 1, '', '', '2015-06-29 09:37:04', '2015-06-29 09:37:04'),
(772, 0, 'She cannot walk quickly because she gets', 1, 1, 1, 5, '', NULL, NULL, '', 'Invalid', 'Blind', 'Deaf', 'Lazy', NULL, 1, '', '', '2015-06-29 09:37:04', '2015-06-29 09:37:04'),
(773, 0, 'African people have', 1, 1, 1, 5, '', NULL, NULL, '', 'White skin', 'Dark skin', 'Puce skin', 'Brown skin', NULL, 2, '', '', '2015-06-29 09:37:04', '2015-06-29 09:37:04'),
(774, 0, 'Hesty always tells the truth. She is ... girl', 1, 1, 1, 5, '', NULL, NULL, '', 'Young', 'Old', 'Honest', 'Beautiful', NULL, 3, '', '', '2015-06-29 09:37:04', '2015-06-29 09:37:04'),
(775, 0, 'We must speak .... to old people', 1, 1, 1, 5, '', NULL, NULL, '', 'Angry', 'Nervous', 'Rude', 'Politely', NULL, 4, '', '', '2015-06-29 09:37:04', '2015-06-29 09:37:04'),
(776, 0, 'What is your father like?', 2, 2, 1, 5, '', NULL, NULL, 'My father is tall and handsome, also he has wavy hair and puce skin.', '', '', '', '', NULL, NULL, '', '', '2015-06-29 09:37:04', '2015-06-29 09:37:04'),
(777, 0, 'How is your father?', 2, 2, 1, 5, '', NULL, NULL, 'He is wise and gentle person, but sometimes he is funny.', '', '', '', '', NULL, NULL, '', '', '2015-06-29 09:37:04', '2015-06-29 09:37:04'),
(778, 0, 'What is your mother like?', 2, 2, 1, 5, '', NULL, NULL, 'My Mother is slim and short, also she has straight hair and black eyes.', '', '', '', '', NULL, NULL, '', '', '2015-06-29 09:37:04', '2015-06-29 09:37:04'),
(779, 0, 'How is your mother?', 2, 2, 1, 5, '', NULL, NULL, 'She is care and patient.', '', '', '', '', NULL, NULL, '', '', '2015-06-29 09:37:04', '2015-06-29 09:37:04'),
(780, 0, 'What is your mother''s hair like?', 2, 2, 1, 5, '', NULL, NULL, 'Her hair streight hair.', '', '', '', '', NULL, NULL, '', '', '2015-06-29 09:37:04', '2015-06-29 09:37:04'),
(781, 0, ' We can see anything with our', 1, 1, 1, 5, '', NULL, NULL, '', 'Eyes', 'Nose', 'Ear', 'Mouth', NULL, 1, '', '', '2015-06-29 09:37:04', '2015-06-29 09:37:04'),
(782, 0, 'We can speak with our', 1, 1, 1, 5, '', NULL, NULL, '', 'Eyes', 'Nose', 'Ear', 'Mouth', NULL, 4, '', '', '2015-06-29 09:37:04', '2015-06-29 09:37:04'),
(783, 0, 'Ridha : "What does happen with Mr. Tono''s ....."\nAna : "He is deaf."', 1, 1, 1, 5, '', NULL, NULL, '', 'Eyes', 'Nose', 'Ear', 'Mouth', NULL, 3, '', '', '2015-06-29 09:37:04', '2015-06-29 09:37:04'),
(784, 0, 'We smell something with our', 1, 1, 1, 5, '', NULL, NULL, '', 'Eyes', 'Nose', 'Ear', 'Mouth', NULL, 2, '', '', '2015-06-29 09:37:04', '2015-06-29 09:37:04'),
(785, 0, 'My father has', 1, 1, 1, 5, '', NULL, NULL, '', 'Beard', 'Mouthache', 'Headache', 'Moustache', NULL, 4, '', '', '2015-06-29 09:37:04', '2015-06-29 09:37:04'),
(786, 0, 'My head is sick. I have', 1, 1, 1, 5, '', NULL, NULL, '', 'Cough', 'Flu', 'Headache', 'Stomachache', NULL, 3, '', '', '2015-06-29 09:37:04', '2015-06-29 09:37:04'),
(787, 0, 'He goes to the dentist because he has', 1, 1, 1, 5, '', NULL, NULL, '', 'Headache', 'Stomachache', 'Toothache', 'Dizzy', NULL, 3, '', '', '2015-06-29 09:37:04', '2015-06-29 09:37:04'),
(788, 0, 'We was our ... before having meal.', 1, 1, 1, 5, '', NULL, NULL, '', 'Ear', 'Head', 'Stomach', 'Hand', NULL, 4, '', '', '2015-06-29 09:37:04', '2015-06-29 09:37:04'),
(789, 0, 'We rub our ... before sleeping.', 1, 1, 1, 5, '', NULL, NULL, '', 'Stomach', 'Tooth', 'Hair', 'Ear', NULL, 2, '', '', '2015-06-29 09:37:04', '2015-06-29 09:37:04'),
(790, 0, 'Ronaldo kicks the ball with his', 1, 1, 1, 5, '', NULL, NULL, '', 'Headache', 'Stomach', 'Foot', 'Hand', NULL, 3, '', '', '2015-06-29 09:37:04', '2015-06-29 09:37:04'),
(791, 0, 'I am ..... to go to Jakarta tomorrow', 1, 1, 1, 5, '', NULL, NULL, '', 'Shall', 'Will', 'Go', 'Going', NULL, 4, '', '', '2015-06-29 09:37:04', '2015-06-29 09:37:04'),
(792, 0, 'They ..... go to swim this evening.', 1, 1, 1, 5, '', NULL, NULL, '', 'Going', 'Will', 'Shall', 'To be going to', NULL, 2, '', '', '2015-06-29 09:37:04', '2015-06-29 09:37:04'),
(793, 0, 'Rina... going to brekfast after take a bath', 1, 1, 1, 5, '', NULL, NULL, '', 'Is', 'Will', 'Shall', 'Am', NULL, 1, '', '', '2015-06-29 09:37:04', '2015-06-29 09:37:04'),
(794, 0, 'They ... going to go to swimming pool tomorrow', 1, 1, 1, 5, '', NULL, NULL, '', 'Is', 'Will', 'Shall', 'Are', NULL, 4, '', '', '2015-06-29 09:37:04', '2015-06-29 09:37:04'),
(795, 0, 'I ... go field this evening', 1, 1, 1, 5, '', NULL, NULL, '', 'Is', 'Am', 'Will', 'Are', NULL, 3, '', '', '2015-06-29 09:37:04', '2015-06-29 09:37:04'),
(796, 0, 'We shall study English tomorrow.', 2, 2, 1, 5, '', NULL, NULL, 'We are going to study Enlish tomorrow.', '', '', '', '', NULL, NULL, '', '', '2015-06-29 09:37:04', '2015-06-29 09:37:04'),
(797, 0, 'They wiil play football', 2, 2, 1, 5, '', NULL, NULL, 'They are going to play football.', '', '', '', '', NULL, NULL, '', '', '2015-06-29 09:37:04', '2015-06-29 09:37:04'),
(798, 0, 'She will watch film in the cinema tonight.', 2, 2, 1, 5, '', NULL, NULL, 'She is going to watch film in the cinema tonight.', '', '', '', '', NULL, NULL, '', '', '2015-06-29 09:37:04', '2015-06-29 09:37:04'),
(799, 0, 'I shall do the homework toniht.', 2, 2, 1, 5, '', NULL, NULL, 'I am going to do the homework tonight', '', '', '', '', NULL, NULL, '', '', '2015-06-29 09:37:04', '2015-06-29 09:37:04'),
(800, 0, 'He will pray at the mosque.', 2, 2, 1, 5, '', NULL, NULL, 'He is going to pray at the mosque.', '', '', '', '', NULL, NULL, '', '', '2015-06-29 09:37:04', '2015-06-29 09:37:04'),
(801, 0, 'Which one is kind of air transportation', 1, 1, 1, 5, '', NULL, NULL, '', 'Ship', 'Airplance', 'Yacht', 'Boat', NULL, 2, '', '', '2015-06-29 09:37:04', '2015-06-29 09:37:04'),
(802, 0, 'Whic one is kind of water transportation', 1, 1, 1, 5, '', NULL, NULL, '', 'Car', 'Truck', 'Yacht', 'Helicopter', NULL, 3, '', '', '2015-06-29 09:37:04', '2015-06-29 09:37:04'),
(803, 0, 'My grandfather goes to Bali by', 1, 1, 1, 5, '', NULL, NULL, '', 'Helicopter', 'Ship', 'Car', 'Airplance', NULL, 4, '', '', '2015-06-29 09:37:04', '2015-06-29 09:37:04'),
(804, 0, 'We go to Pulau Karimunjawa by', 1, 1, 1, 5, '', NULL, NULL, '', 'Boat', 'Aeroplane', 'Truck', 'Bicycle', NULL, 1, '', '', '2015-06-29 09:37:04', '2015-06-29 09:37:04'),
(805, 0, 'Look at the picture! It is my', 1, 1, 1, 5, '', NULL, NULL, '', 'Bicycle', 'Motorcycle', 'Car', 'Truck', NULL, 1, '', '', '2015-06-29 09:37:04', '2015-06-29 09:37:04'),
(806, 0, 'Rudi goes to Surabaya by', 1, 1, 1, 5, '', NULL, NULL, '', 'Car', 'Truck', 'Train', 'Bus', NULL, 3, '', '', '2015-06-29 09:37:04', '2015-06-29 09:37:04'),
(807, 0, 'Mr. Fadli is a machinist. He drives a', 1, 1, 1, 5, '', NULL, NULL, '', 'Airplane', 'Train', 'Car', 'Truck', NULL, 2, '', '', '2015-06-29 09:37:04', '2015-06-29 09:37:04'),
(808, 0, 'I will go to Jakarta by train. So, I must go to the', 1, 1, 1, 5, '', NULL, NULL, '', 'Airport', 'Zoo', 'Railway station', 'Bus station', NULL, 3, '', '', '2015-06-29 09:37:04', '2015-06-29 09:37:04'),
(809, 0, 'We can see many animal at the', 1, 1, 1, 5, '', NULL, NULL, '', 'Hospital', 'Drugstore', 'Temple', 'Zoo', NULL, 4, '', '', '2015-06-29 09:37:04', '2015-06-29 09:37:04'),
(810, 0, 'My sister is a nurse. She works at', 1, 1, 1, 5, '', NULL, NULL, '', 'Market', 'Hospital', 'Post office', 'Drugstore', NULL, 2, '', '', '2015-06-29 09:37:04', '2015-06-29 09:37:04'),
(811, 0, 'We must keep our... to prevent the flood', 1, 1, 1, 5, '', NULL, NULL, '', 'Zoo', 'Forest', 'Factory', 'Office', NULL, 2, '', '', '2015-06-29 09:37:04', '2015-06-29 09:37:04'),
(812, 0, 'My mother goes to ... She buys vegetables, fruits, and meat.', 1, 1, 1, 5, '', NULL, NULL, '', 'Forest', 'Cinema', 'Market', 'Drugstore', NULL, 3, '', '', '2015-06-29 09:37:04', '2015-06-29 09:37:04'),
(813, 0, 'I want to buy medicine. So, I must go to the', 1, 1, 1, 5, '', NULL, NULL, '', 'Post office', 'Zoo', 'Hospital', 'Factory', NULL, 1, '', '', '2015-06-29 09:37:04', '2015-06-29 09:37:04'),
(814, 0, 'Nina has sick. She must o to the', 1, 1, 1, 5, '', NULL, NULL, '', 'Post office', 'Zoo', 'Hospital', 'Factory', NULL, 3, '', '', '2015-06-29 09:37:04', '2015-06-29 09:37:04'),
(815, 0, 'True- False\n\nBoat sail in the lake.', 2, 2, 1, 5, '', NULL, NULL, '0', '', '', '', '', NULL, NULL, '', '', '2015-06-29 09:37:04', '2015-06-29 09:37:04'),
(816, 0, 'The road of train is railway', 2, 2, 1, 5, '', NULL, NULL, '1', '', '', '', '', NULL, NULL, '', '', '2015-06-29 09:37:04', '2015-06-29 09:37:04'),
(817, 0, 'The halicopter uses propllers to fly', 2, 2, 1, 5, '', NULL, NULL, '1', '', '', '', '', NULL, NULL, '', '', '2015-06-29 09:37:04', '2015-06-29 09:37:04'),
(818, 0, 'A place to save our money is the bank.', 2, 2, 1, 5, '', NULL, NULL, '1', '', '', '', '', NULL, NULL, '', '', '2015-06-29 09:37:04', '2015-06-29 09:37:04'),
(819, 0, 'A ferry bring poeple and vehicle accross the road', 2, 2, 1, 5, '', NULL, NULL, '0', '', '', '', '', NULL, NULL, '', '', '2015-06-29 09:37:04', '2015-06-29 09:37:04'),
(820, 0, 'My grandfather is 75 years old. She is an .... person ', 1, 1, 1, 5, '', NULL, NULL, '', 'Old', 'Young', 'Clever', 'Smart', NULL, 1, '', '', '2015-06-29 09:37:04', '2015-06-29 09:37:04'),
(821, 0, 'Rani : "Budi is ... boy."\nRina : "Why?"\nRani : "Because he gets rank number one in his class."', 1, 1, 1, 5, '', NULL, NULL, '', 'Lazy', 'Friendly', 'Stupid', 'Clever', NULL, 4, '', '', '2015-06-29 09:37:04', '2015-06-29 09:37:04'),
(822, 0, 'I need beverage because l am', 1, 1, 1, 5, '', NULL, NULL, '', 'Rash', 'Angry', 'Thirsty', 'Hungry', NULL, 3, '', '', '2015-06-29 09:37:04', '2015-06-29 09:37:04'),
(823, 0, 'Lia got 100 for her biology test, she feels', 1, 1, 1, 5, '', NULL, NULL, '', 'Fierce', 'Tired', 'Sad', 'Happy', NULL, 4, '', '', '2015-06-29 09:37:04', '2015-06-29 09:37:04'),
(824, 0, 'After playing football, steven feels', 1, 1, 1, 5, '', NULL, NULL, '', 'Sad', 'Angry', 'Tired', 'Confused', NULL, 3, '', '', '2015-06-29 09:37:04', '2015-06-29 09:37:04'),
(825, 0, 'Susi losses his bag. She feels', 1, 1, 1, 5, '', NULL, NULL, '', 'Sad', 'Happy', 'Tired', 'Hungry', NULL, 1, '', '', '2015-06-29 09:37:04', '2015-06-29 09:37:04'),
(826, 0, 'Aldi forgets the way to the bookstore. He feels', 1, 1, 1, 5, '', NULL, NULL, '', 'Sad', 'Headache', 'Happy', 'Confused', NULL, 4, '', '', '2015-06-29 09:37:04', '2015-06-29 09:37:04'),
(827, 0, 'Mr. Hartono have three cars and six motorcycles. He is a... men ', 1, 1, 1, 5, '', NULL, NULL, '', 'Porr', 'Rich', 'Old', 'Young', NULL, 2, '', '', '2015-06-29 09:37:04', '2015-06-29 09:37:04'),
(828, 0, 'My father has', 1, 1, 1, 5, '', NULL, NULL, '', 'Beard', 'Moustache', 'Eyebrow', 'Bread', NULL, 1, '', '', '2015-06-29 09:37:04', '2015-06-29 09:37:04'),
(829, 0, 'We listen a song using', 1, 1, 1, 5, '', NULL, NULL, '', 'Nose', 'Mouth', 'Eyes', 'Ears', NULL, 4, '', '', '2015-06-29 09:37:04', '2015-06-29 09:37:04'),
(830, 0, 'Roni : "Where are you going to go to Dad?"\nDaddy : "l am going to go to ..."\nRony : "Why do you go there?"\nRony : "l want to chechup my tooth."', 1, 1, 1, 5, '', NULL, NULL, '', 'Bookstore', 'Doctor', 'Dentist', 'Bus station', NULL, 3, '', '', '2015-06-29 09:37:04', '2015-06-29 09:37:04'),
(831, 0, 'Rudi : "What do you do in the...., Oxta?"\nOxta : "l am playing football."', 1, 1, 1, 5, '', NULL, NULL, '', 'Road', 'School', 'Field', 'Home', NULL, 3, '', '', '2015-06-29 09:37:04', '2015-06-29 09:37:04'),
(832, 0, 'We can feel foods delicious with our', 1, 1, 1, 5, '', NULL, NULL, '', 'Foot', 'Hand', 'Nose', 'Tongue', NULL, 4, '', '', '2015-06-29 09:37:04', '2015-06-29 09:37:04'),
(833, 0, 'These are part of body that we can cut, except', 1, 1, 1, 5, '', NULL, NULL, '', 'Hair', 'Moustache', 'Knee', 'Beard', NULL, 3, '', '', '2015-06-29 09:37:04', '2015-06-29 09:37:04'),
(834, 0, 'Roni : "Where are going to go to, Sinta?"\nSinta : "l am going to o to ..."\nRony : "Why do you there?"\nRony : "l want to see many kinds of animal."', 1, 1, 1, 5, '', NULL, NULL, '', 'Park', 'Zoo', 'Market', 'Lake', NULL, 4, '', '', '2015-06-29 09:37:04', '2015-06-29 09:37:04'),
(835, 0, 'Maya writes the latter using', 1, 1, 1, 5, '', NULL, NULL, '', 'Leg', 'Hand', 'Stomach', 'Head', NULL, 2, '', '', '2015-06-29 09:37:04', '2015-06-29 09:37:04'),
(836, 0, 'Mr. Ringgo doesn''t have hair. He is', 1, 1, 1, 5, '', NULL, NULL, '', 'Bald', 'Blind', 'Deaf', 'Dump', NULL, 1, '', '', '2015-06-29 09:37:04', '2015-06-29 09:37:04'),
(837, 0, 'She .... going to the bookstore', 1, 1, 1, 5, '', NULL, NULL, '', 'To be', 'Is', 'Are', 'Will', NULL, 2, '', '', '2015-06-29 09:37:04', '2015-06-29 09:37:04'),
(838, 0, 'I go to school by', 1, 1, 1, 5, '', NULL, NULL, '', 'Car', 'Bicycle', 'Train', 'Bus', NULL, 2, 'files/quizz/2015-06-29 09:37:04/Sepeda', '', '2015-06-29 09:37:04', '2015-06-29 09:37:04'),
(839, 0, 'My father goes to office by', 1, 1, 1, 5, '', NULL, NULL, '', 'Plane', 'Truck', 'Car', 'Ship', NULL, NULL, 'files/quizz/2015-06-29 09:37:04/Mobil', '', '2015-06-29 09:37:04', '2015-06-29 09:37:04'),
(840, 0, 'We .... go to cinema at 07.00 pm', 1, 1, 1, 5, '', NULL, NULL, '', 'Are', 'Shall', 'To be', 'Is', NULL, 2, '', '', '2015-06-29 09:37:04', '2015-06-29 09:37:04'),
(841, 0, 'They ... go vacation on Sunday', 1, 1, 1, 5, '', NULL, NULL, '', 'Shall', 'Will', 'Is', 'Am', NULL, 2, '', '', '2015-06-29 09:37:04', '2015-06-29 09:37:04'),
(842, 0, 'Roni : "l want to buy medicine, where should i go to?"\nSinta : "Yo must go to..."', 1, 1, 1, 5, '', NULL, NULL, '', 'Market', 'Bookstore', 'Supermarket', 'Drugstore', NULL, 4, '', '', '2015-06-29 09:37:04', '2015-06-29 09:37:04'),
(843, 0, 'l am watching film at the', 1, 1, 1, 5, '', NULL, NULL, '', 'Hospital', 'Market', 'Cinema', 'Drugstore', NULL, 3, '', '', '2015-06-29 09:37:04', '2015-06-29 09:37:04'),
(844, 0, 'Tina :"What are you going to do in the ...?"\nRudi : "l want to by pencil and eraser."', 1, 1, 1, 5, '', NULL, NULL, '', 'Bookstore', 'Market', 'Supermarket', 'Drugstore', NULL, 1, '', '', '2015-06-29 09:37:04', '2015-06-29 09:37:04'),
(845, 0, 'Where cn we see many animal?', 2, 2, 1, 5, '', NULL, NULL, 'We can see many animal at the zoo', '', '', '', '', NULL, NULL, '', '', '2015-06-29 09:37:04', '2015-06-29 09:37:04'),
(846, 0, 'Where an we eat delicious food?', 2, 2, 1, 5, '', NULL, NULL, 'We can eat delicious food at the restaurant', '', '', '', '', NULL, NULL, '', '', '2015-06-29 09:37:04', '2015-06-29 09:37:04'),
(847, 0, 'Where can we borrow some books?', 2, 2, 1, 5, '', NULL, NULL, 'We can borrow some books at the library', '', '', '', '', NULL, NULL, '', '', '2015-06-29 09:37:04', '2015-06-29 09:37:04'),
(848, 0, 'Where can we send letter?', 2, 2, 1, 5, '', NULL, NULL, 'We can send letter at the post office', '', '', '', '', NULL, NULL, '', '', '2015-06-29 09:37:04', '2015-06-29 09:37:04'),
(849, 0, 'If you are sick, where do you go?', 2, 2, 1, 5, '', NULL, NULL, 'If you are sick, you have to go to hospital', '', '', '', '', NULL, NULL, '', '', '2015-06-29 09:37:04', '2015-06-29 09:37:04'),
(850, 0, 'Mr. Barjo delivers letters everyday. He is a', 1, 1, 1, 5, '', NULL, NULL, '', 'Fisherman', 'Doctor', 'Police', 'Postman', NULL, 4, '', '', '2015-06-29 09:37:04', '2015-06-29 09:37:04'),
(851, 0, 'Mr. Hadi examines the patient. He is a', 1, 1, 1, 5, '', NULL, NULL, '', 'Doctor', 'Teacher', 'Postman', 'Mechanic', NULL, 1, '', '', '2015-06-29 09:37:04', '2015-06-29 09:37:04'),
(852, 0, 'Rani : "Why do you look so sad?"\nRina : "My tooth is sick, can you accompany me go to the..."', 1, 1, 1, 5, '', NULL, NULL, '', 'Pilot', 'Farmer', 'Dentist', 'Mechanic', NULL, 3, '', '', '2015-06-29 09:37:04', '2015-06-29 09:37:04'),
(853, 0, 'My uncle grows rice in the ricefield. He is a', 1, 1, 1, 5, '', NULL, NULL, '', 'Doctor', 'Farmer', 'Reporter', 'Athlete', NULL, 2, '', '', '2015-06-29 09:37:04', '2015-06-29 09:37:04'),
(854, 0, 'She sells meat in the market. She is a', 1, 1, 1, 5, '', NULL, NULL, '', 'Butcher', 'Fisherman', 'Siner', 'Dancer', NULL, 1, '', '', '2015-06-29 09:37:04', '2015-06-29 09:37:04'),
(855, 0, 'Rani : "l like sew very much. I have aspiration to be a', 1, 1, 1, 5, '', NULL, NULL, '', 'Engineer', 'Barber', 'Tailor', 'Farmer', NULL, 3, '', '', '2015-06-29 09:37:04', '2015-06-29 09:37:04'),
(856, 0, 'Mrs. Zulfi is an assistant of the doctor. She is a', 1, 1, 1, 5, '', NULL, NULL, '', 'Secretary', 'Nurse', 'Dentist', 'Patient', NULL, 2, '', '', '2015-06-29 09:37:04', '2015-06-29 09:37:04'),
(857, 0, 'Mr. Safri drives the airplane. He is a', 1, 1, 1, 5, '', NULL, NULL, '', 'Police', 'Tailor', 'Baker', 'Pilot', NULL, 4, '', '', '2015-06-29 09:37:04', '2015-06-29 09:37:04'),
(858, 0, 'Roni : "What is your father?"\nEdi : "He is a...."\nRoni : "What is his job?"\nEdi : "He cuts people''s hair everday."', 1, 1, 1, 5, '', NULL, NULL, '', 'Sales girl', 'Barber', 'Waitress', 'Tailor', NULL, 2, '', '', '2015-06-29 09:37:04', '2015-06-29 09:37:04'),
(859, 0, 'Mrs. Rossa sings on the stage. She is a', 1, 1, 1, 5, '', NULL, NULL, '', 'Smart', 'Dancer', 'Singer', 'Artist', NULL, 3, '', '', '2015-06-29 09:37:04', '2015-06-29 09:37:04'),
(860, 0, 'Ridha : "My father cooks in the restaurant everday."\nAna : "What is he, Ridha"\nRidha : "He is a...."', 1, 1, 1, 5, '', NULL, NULL, '', 'Chef', 'Butcher', 'Buyer', 'Singer', NULL, 1, '', '', '2015-06-29 09:37:04', '2015-06-29 09:37:04'),
(861, 0, 'Mrs. Wati works at library. She is a', 1, 1, 1, 5, '', NULL, NULL, '', 'Librarian', 'Postman', 'Fire engine', 'Police', NULL, 1, '', '', '2015-06-29 09:37:04', '2015-06-29 09:37:04'),
(862, 0, 'Mr. Tigor looks forf fish at the sea everday. He is a', 1, 1, 1, 5, '', NULL, NULL, '', 'Tailor', 'Fisherman', 'Police', 'Doctor', NULL, 2, '', '', '2015-06-29 09:37:04', '2015-06-29 09:37:04'),
(863, 0, 'A man who stared the film is', 1, 1, 1, 5, '', NULL, NULL, '', 'Engineer', 'Singer', 'Actor', 'Dancer', NULL, 3, '', '', '2015-06-29 09:37:04', '2015-06-29 09:37:04'),
(864, 0, 'Dina : "What is your father, Dian?"\nDian : "He is a...."\nDina : "It is mean your father can repair my motor, isn''t it?\nDian : "Of course."', 1, 1, 1, 5, '', NULL, NULL, '', 'Doctor', 'Teacher', 'Postman', 'Mechanic', NULL, 4, '', '', '2015-06-29 09:37:04', '2015-06-29 09:37:04'),
(865, 0, 'A (police-fireman) protects the people from criminal.', 2, 2, 1, 5, '', NULL, NULL, 'police', '', '', '', '', NULL, NULL, '', '', '2015-06-29 09:37:04', '2015-06-29 09:37:04'),
(866, 0, 'A (butcher-baker) sells bread', 2, 2, 1, 5, '', NULL, NULL, 'baker', '', '', '', '', NULL, NULL, '', '', '2015-06-29 09:37:04', '2015-06-29 09:37:04'),
(867, 0, 'A (mechanic - nurse) works at the workshop', 2, 2, 1, 5, '', NULL, NULL, 'Mechanic', '', '', '', '', NULL, NULL, '', '', '2015-06-29 09:37:04', '2015-06-29 09:37:04'),
(868, 0, 'A (waitress - typist) servers foods to the visitors', 2, 2, 1, 5, '', NULL, NULL, 'Waitress', '', '', '', '', NULL, NULL, '', '', '2015-06-29 09:37:04', '2015-06-29 09:37:04'),
(869, 0, 'A (farmer - postman)rows plant in the rice field', 2, 2, 1, 5, '', NULL, NULL, 'Farmer', '', '', '', '', NULL, NULL, '', '', '2015-06-29 09:37:04', '2015-06-29 09:37:04'),
(870, 0, 'Rina saves all file in the', 1, 1, 1, 5, '', NULL, NULL, '', 'Telephone', 'Drawer', 'Calculator', 'Chair', NULL, 2, '', '', '2015-06-29 09:37:04', '2015-06-29 09:37:04'),
(871, 0, 'Mr. Hadi sits down one the', 1, 1, 1, 5, '', NULL, NULL, '', 'Cabinet', 'Desk', 'Table', 'Chair', NULL, 4, '', '', '2015-06-29 09:37:04', '2015-06-29 09:37:04'),
(872, 0, 'Mirza : "l copy all soft in the...."\nGaby : "Ok, Mirza"', 1, 1, 1, 5, '', NULL, NULL, '', 'Telephone', 'Computer', 'Drawer', 'Typewriter', NULL, 2, '', '', '2015-06-29 09:37:04', '2015-06-29 09:37:04'),
(873, 0, 'Yesterday, l ... to Rina''s house', 1, 1, 1, 5, '', NULL, NULL, '', 'Going', 'Go', 'Went', 'Gone', NULL, 3, '', '', '2015-06-29 09:37:04', '2015-06-29 09:37:04'),
(874, 0, 'Mirza : "Where is your brother, Gaby?"\nGaby : "He is .... football now."', 1, 1, 1, 5, '', NULL, NULL, '', 'Play', 'Playing', 'Played', 'Plays', NULL, 2, '', '', '2015-06-29 09:37:04', '2015-06-29 09:37:04'),
(875, 0, 'Fia : "Where did you go with your mom yesterday?"\nZiza : "We... in the swimming pool."', 1, 1, 1, 5, '', NULL, NULL, '', 'Swim', 'Swam', 'Swimming', 'Swims', NULL, 2, '', '', '2015-06-29 09:37:04', '2015-06-29 09:37:04'),
(876, 0, 'We have to throw away the rubbish into the', 1, 1, 1, 5, '', NULL, NULL, '', 'File', 'Cabinet', 'Garbage', 'Rack', NULL, 3, '', '', '2015-06-29 09:37:04', '2015-06-29 09:37:04'),
(877, 0, 'We are ... out  homework now', 1, 1, 1, 5, '', NULL, NULL, '', 'Do', 'Did', 'Does', 'Doing', NULL, 4, '', '', '2015-06-29 09:37:04', '2015-06-29 09:37:04'),
(878, 0, 'My father.... to  the office at 07.00 am everday.', 1, 1, 1, 5, '', NULL, NULL, '', 'Go', 'Went', 'Goes', 'Going', NULL, 3, '', '', '2015-06-29 09:37:04', '2015-06-29 09:37:04'),
(879, 0, 'Shanty counts the sum of sale with', 1, 1, 1, 5, '', NULL, NULL, '', 'File', 'Paper', 'Calculator', 'Calender', NULL, 3, '', '', '2015-06-29 09:37:04', '2015-06-29 09:37:04'),
(880, 0, 'Mr. Steve uses ... to keep some books', 1, 1, 1, 5, '', NULL, NULL, '', 'Rack', 'File', 'Cabinet', 'Drawer', NULL, 1, '', '', '2015-06-29 09:37:04', '2015-06-29 09:37:04'),
(881, 0, 'We use ... to make the room cooler', 1, 1, 1, 5, '', NULL, NULL, '', 'Air conditioner', 'Desklamp', 'Calender', 'Cutter', NULL, 1, '', '', '2015-06-29 09:37:04', '2015-06-29 09:37:04'),
(882, 0, 'Arman uses... to light his desk', 1, 1, 1, 5, '', NULL, NULL, '', 'Candle', 'Desk lamp', 'Calender', 'Cutter', NULL, 2, '', '', '2015-06-29 09:37:04', '2015-06-29 09:37:04'),
(883, 0, 'Mrs. Lia prints her document in the computer using a...', 1, 1, 1, 5, '', NULL, NULL, '', 'Typewriter', 'Stamp', 'Printer', 'Printing', NULL, 3, '', '', '2015-06-29 09:37:04', '2015-06-29 09:37:04'),
(884, 0, 'To see the date of the day, we use', 1, 1, 1, 5, '', NULL, NULL, '', 'File', 'Paper', 'Calculator', 'Calender', NULL, 4, '', '', '2015-06-29 09:37:04', '2015-06-29 09:37:04'),
(885, 0, 'Change these sentences to the present continous tense!\n\n\nMrs. Richard (teach) in the classroom now.', 2, 2, 1, 5, '', NULL, NULL, 'Mrs. Richard is teaching in the classroom', '', '', '', '', NULL, NULL, '', '', '2015-06-29 09:37:04', '2015-06-29 09:37:04'),
(886, 0, 'The dog (bite) a meal', 2, 2, 1, 5, '', NULL, NULL, 'The dog is biting a meal', '', '', '', '', NULL, NULL, '', '', '2015-06-29 09:37:04', '2015-06-29 09:37:04'),
(887, 0, 'l (write) the letter now', 2, 2, 1, 5, '', NULL, NULL, 'l am writing the letter now', '', '', '', '', NULL, NULL, '', '', '2015-06-29 09:37:04', '2015-06-29 09:37:04'),
(888, 0, 'They (swim) in the swimming pool now', 2, 2, 1, 5, '', NULL, NULL, 'They are swimming in the pool', '', '', '', '', NULL, NULL, '', '', '2015-06-29 09:37:04', '2015-06-29 09:37:04'),
(889, 0, 'My grandfather (grow) plant in the ricefield', 2, 2, 1, 5, '', NULL, NULL, 'My grandfather is growing plant in the ricefield', '', '', '', '', NULL, NULL, '', '', '2015-06-29 09:37:04', '2015-06-29 09:37:04'),
(890, 0, 'Change these sentences to simple past tense!\n\n\nI (study) English lesson yesterday ', 2, 2, 1, 5, '', NULL, NULL, 'l studied English lesson yesterday', '', '', '', '', NULL, NULL, '', '', '2015-06-29 09:37:04', '2015-06-29 09:37:04'),
(891, 0, 'We (go) to Bali two months ago', 2, 2, 1, 5, '', NULL, NULL, 'We went to Bali two months ago', '', '', '', '', NULL, NULL, '', '', '2015-06-29 09:37:04', '2015-06-29 09:37:04'),
(892, 0, 'Citra (draw) the mountain', 2, 2, 1, 5, '', NULL, NULL, 'Citra drew the mountain', '', '', '', '', NULL, NULL, '', '', '2015-06-29 09:37:04', '2015-06-29 09:37:04'),
(893, 0, 'My mother (make) a cake last night', 2, 2, 1, 5, '', NULL, NULL, 'My mother made a cake last night', '', '', '', '', NULL, NULL, '', '', '2015-06-29 09:37:04', '2015-06-29 09:37:04'),
(894, 0, 'Mrs. Bonita (sing) a song on the stage', 2, 2, 1, 5, '', NULL, NULL, 'Mrs. Bonita sang a song on the stage', '', '', '', '', NULL, NULL, '', '', '2015-06-29 09:37:04', '2015-06-29 09:37:04'),
(895, 0, 'Obi : "Where do yo live chavi?"\nChavi : "l live in Italy."\nObi : "How many season are there in Italy?"\nObi : "There are ... seasoan in italy."', 1, 1, 1, 5, '', NULL, NULL, '', 'One', 'Two', 'Three', 'Four', NULL, 4, '', '', '2015-06-29 09:37:04', '2015-06-29 09:37:04'),
(896, 0, 'Usually, in rainy season we hear', 1, 1, 1, 5, '', NULL, NULL, '', 'Meteor', 'Comet', 'Thunderbolt', 'Star', NULL, 3, '', '', '2015-06-29 09:37:04', '2015-06-29 09:37:04'),
(897, 0, 'Where the sky is dark, it is going to', 1, 1, 1, 5, '', NULL, NULL, '', 'Rain', 'Warm', 'Hot', 'Wind', NULL, 1, '', '', '2015-06-29 09:37:04', '2015-06-29 09:37:04'),
(898, 0, 'In ... Season, the wather is very cold', 1, 1, 1, 5, '', NULL, NULL, '', 'Summer', 'Winter', 'Spring', 'Autumn', NULL, 2, '', '', '2015-06-29 09:37:04', '2015-06-29 09:37:04'),
(899, 0, 'Snow falls on .. season ', 1, 1, 1, 5, '', NULL, NULL, '', 'Winter', 'Summer', 'Autumn', 'Spring', NULL, 1, '', '', '2015-06-29 09:37:04', '2015-06-29 09:37:04'),
(900, 0, 'In ... season, the plant brings down leaves', 1, 1, 1, 5, '', NULL, NULL, '', 'Winter', 'Summer', 'Autumn', 'Spring', NULL, 2, '', '', '2015-06-29 09:37:04', '2015-06-29 09:37:04'),
(901, 0, 'The flowers blooms in ... season ', 1, 1, 1, 5, '', NULL, NULL, '', 'Winter', 'Summer', 'Autumn', 'Spring', NULL, 4, '', '', '2015-06-29 09:37:04', '2015-06-29 09:37:04'),
(902, 0, 'We can see the moon at', 1, 1, 1, 5, '', NULL, NULL, '', 'Morning', 'Day', 'Afternoon', 'Night', NULL, 4, '', '', '2015-06-29 09:37:04', '2015-06-29 09:37:04'),
(903, 0, 'Look at the picture! This is', 1, 1, 1, 5, '', NULL, NULL, '', 'Meteor', 'Comet', 'Thunderbold', 'Star', NULL, 2, 'files/quizz/2015-06-29 09:37:04/Komet', '', '2015-06-29 09:37:04', '2015-06-29 09:37:04'),
(904, 0, 'Afi : "Do you know the planet in which animals and plants can live, Rani?"\nRani : "Yes, l do"\nAfi : "Whant is it?"\nRani : "It is ..."', 1, 1, 1, 5, '', NULL, NULL, '', 'Mars', 'Mercury', 'Neptune', 'Earth', NULL, 4, '', '', '2015-06-29 09:37:04', '2015-06-29 09:37:04'),
(905, 0, 'The colour of sky is', 1, 1, 1, 5, '', NULL, NULL, '', 'Yellow', 'Black', 'Blue', 'Red', NULL, 3, '', '', '2015-06-29 09:37:04', '2015-06-29 09:37:04'),
(906, 0, 'The closest planet from the sun is', 1, 1, 1, 5, '', NULL, NULL, '', 'Mercury', 'Neptune', 'Uranus', 'Jupiter', NULL, 1, '', '', '2015-06-29 09:37:04', '2015-06-29 09:37:04'),
(907, 0, 'The furthest planet from the sun is', 1, 1, 1, 5, '', NULL, NULL, '', 'Mars', 'Mercury', 'Neptune', 'Uranus', NULL, 3, '', '', '2015-06-29 09:37:04', '2015-06-29 09:37:04'),
(908, 0, 'The biggest planet in our solar system is', 1, 1, 1, 5, '', NULL, NULL, '', 'Earth', 'Saturn', 'Mercury', 'Jupiter', NULL, 4, '', '', '2015-06-29 09:37:04', '2015-06-29 09:37:04'),
(909, 0, 'The planet that has a ring is', 1, 1, 1, 5, '', NULL, NULL, '', 'Neptune', 'Sturn', 'Uranus', 'Venus', NULL, 2, '', '', '2015-06-29 09:37:04', '2015-06-29 09:37:04'),
(910, 0, 'True-False\n\n\nThere are eight planets in our solar system', 2, 2, 1, 5, '', NULL, NULL, '1', '', '', '', '', NULL, NULL, '', '', '2015-06-29 09:37:04', '2015-06-29 09:37:04'),
(911, 0, 'The biggest planet in our solar system is earth', 2, 2, 1, 5, '', NULL, NULL, '0', '', '', '', '', NULL, NULL, '', '', '2015-06-29 09:37:04', '2015-06-29 09:37:04'),
(912, 0, 'The sun shines bright in summer season', 2, 2, 1, 5, '', NULL, NULL, '1', '', '', '', '', NULL, NULL, '', '', '2015-06-29 09:37:04', '2015-06-29 09:37:04'),
(913, 0, 'The colour of the snow is white', 2, 2, 1, 5, '', NULL, NULL, '1', '', '', '', '', NULL, NULL, '', '', '2015-06-29 09:37:04', '2015-06-29 09:37:04'),
(914, 0, 'The flowers blooms in auntumn season ', 2, 2, 1, 5, '', NULL, NULL, '0', '', '', '', '', NULL, NULL, '', '', '2015-06-29 09:37:04', '2015-06-29 09:37:04'),
(915, 0, 'My sister works in the drugstore. She is a', 1, 1, 1, 5, '', NULL, NULL, '', 'Parmacist', 'Mechanic', 'Machinist', 'Engineer', NULL, 1, '', '', '2015-06-29 09:37:04', '2015-06-29 09:37:04'),
(916, 0, 'Mr. Ahmad brings the truck. He is a', 1, 1, 1, 5, '', NULL, NULL, '', 'Doctor', 'Driver', 'Engineer', 'Farmer', NULL, 2, '', '', '2015-06-29 09:37:04', '2015-06-29 09:37:04'),
(917, 0, 'Mr. Bejo drives the train. He is a', 1, 1, 1, 5, '', NULL, NULL, '', 'Farmer', 'Fisherman', 'Machinist', 'Pilot', NULL, 3, '', '', '2015-06-29 09:37:04', '2015-06-29 09:37:04'),
(918, 0, 'The man who drives the airplane is', 1, 1, 1, 5, '', NULL, NULL, '', 'Souldier', 'Fisherman', 'Doctor', 'Pilot', NULL, 4, '', '', '2015-06-29 09:37:04', '2015-06-29 09:37:04'),
(919, 0, 'Mr. Rudi sells meat. He is a', 1, 1, 1, 5, '', NULL, NULL, '', 'Waitress', 'Barber', 'Butcher', 'Baker', NULL, 3, '', '', '2015-06-29 09:37:04', '2015-06-29 09:37:04'),
(920, 0, 'Mr. Saeful is working now, he is extinguishing the fire on the market. He is a', 1, 1, 1, 5, '', NULL, NULL, '', 'Fireman', 'Police', 'Tired', 'Hungry', NULL, 1, '', '', '2015-06-29 09:37:04', '2015-06-29 09:37:04'),
(921, 0, 'Mr. Sarjono protects the people from criminal. He is a', 1, 1, 1, 5, '', NULL, NULL, '', 'Barber', 'Baker', 'Driver', 'Policeman', NULL, 4, '', '', '2015-06-29 09:37:04', '2015-06-29 09:37:04'),
(922, 0, 'Mrs. Ami can make a cake and bread. She is a', 1, 1, 1, 5, '', NULL, NULL, '', 'Barber', 'Baker', 'Driver', 'Police', NULL, 2, '', '', '2015-06-29 09:37:04', '2015-06-29 09:37:04'),
(923, 0, 'Mr. Drajat is warking now, he is making cupboard, chair,table,door,and also window. He is a', 1, 1, 1, 5, '', NULL, NULL, '', 'Carpenter', 'Barber', 'Tailor', 'Sailor', NULL, 1, '', '', '2015-06-29 09:37:04', '2015-06-29 09:37:04'),
(924, 0, 'A mechanic works in the', 1, 1, 1, 5, '', NULL, NULL, '', 'Hospital', 'Ricefield', 'School', 'Workshop', NULL, 4, '', '', '2015-06-29 09:37:04', '2015-06-29 09:37:04'),
(925, 0, 'Please, throw the rubbish into the', 1, 1, 1, 5, '', NULL, NULL, '', 'Rack', 'Drawer', 'Garbage', 'Cabinet', NULL, 3, '', '', '2015-06-29 09:37:04', '2015-06-29 09:37:04'),
(926, 0, 'Look at the picture!This is', 1, 1, 1, 5, '', NULL, NULL, '', 'Mount', 'Lip', 'Nose', 'Ears', NULL, NULL, 'files/quizz/2015-06-29 09:37:04/Bibir', '', '2015-06-29 09:37:04', '2015-06-29 09:37:04'),
(927, 0, 'Rudi : "Can you help me see the date of today on..... Chavi?"\nChavi : "Ok."', 1, 1, 1, 5, '', NULL, NULL, '', 'File', 'Paper', 'Calculator', 'Calender', NULL, 4, '', '', '2015-06-29 09:37:04', '2015-06-29 09:37:04'),
(928, 0, 'We.... Bali tomorrow', 1, 1, 1, 5, '', NULL, NULL, '', 'Are', 'Shall', 'Are going', 'Are going to go to', NULL, 4, '', '', '2015-06-29 09:37:04', '2015-06-29 09:37:04'),
(929, 0, 'I am ..... football now.', 1, 1, 1, 5, '', NULL, NULL, '', 'Playing', 'Play', 'Plays', 'Played', NULL, 1, '', '', '2015-06-29 09:37:04', '2015-06-29 09:37:04'),
(930, 0, 'She is.... to school with her brother.', 1, 1, 1, 5, '', NULL, NULL, '', 'Go', 'Going', 'Went', 'Goes', NULL, 2, '', '', '2015-06-29 09:37:04', '2015-06-29 09:37:04'),
(931, 0, 'They are ... plants in the ricefield now', 1, 1, 1, 5, '', NULL, NULL, '', 'Growing', 'Grow', 'Grows', 'Grew', NULL, 1, '', '', '2015-06-29 09:37:04', '2015-06-29 09:37:04'),
(932, 0, 'My sister is .... in the bedroom now', 1, 1, 1, 5, '', NULL, NULL, '', 'Slept', 'Sleeps', 'Sleep', 'Sleeping', NULL, 4, '', '', '2015-06-29 09:37:04', '2015-06-29 09:37:04'),
(933, 0, 'My neighbour... his house two month ago', 1, 1, 1, 5, '', NULL, NULL, '', 'Sell', 'Sold', 'Sells', 'Selling', NULL, 2, '', '', '2015-06-29 09:37:04', '2015-06-29 09:37:04'),
(934, 0, 'My mother... this cake last night', 1, 1, 1, 5, '', NULL, NULL, '', 'Make', 'Makes', 'Made', 'Making', NULL, 3, '', '', '2015-06-29 09:37:04', '2015-06-29 09:37:04'),
(935, 0, 'My mother ... to market everday', 1, 1, 1, 5, '', NULL, NULL, '', 'Go', 'Going', 'Went', 'Goes', NULL, 4, '', '', '2015-06-29 09:37:04', '2015-06-29 09:37:04'),
(936, 0, 'The closest planet from the earth is', 1, 1, 1, 5, '', NULL, NULL, '', 'Mercury', 'Venus', 'Jupiter', 'Neptune', NULL, 2, '', '', '2015-06-29 09:37:04', '2015-06-29 09:37:04'),
(937, 0, 'The snow go down in ... season ', 1, 1, 1, 5, '', NULL, NULL, '', 'Autumn', 'Spring', 'Summer', 'Winter', NULL, 4, '', '', '2015-06-29 09:37:04', '2015-06-29 09:37:04'),
(938, 0, 'The word of "earthquake" in Indonesia is', 1, 1, 1, 5, '', NULL, NULL, '', 'Banjir', 'Longsor', 'Gempa bumi', 'Badai', NULL, 3, '', '', '2015-06-29 09:37:04', '2015-06-29 09:37:04'),
(939, 0, '"Halilintar" in English is', 1, 1, 1, 5, '', NULL, NULL, '', 'Earthquake', 'Flood', 'Storm', 'Thunderbolt', NULL, 4, '', '', '2015-06-29 09:37:04', '2015-06-29 09:37:04'),
(940, 0, 'Translate into Indonesia languane!\n\nI am going to swim next week.', 2, 2, 1, 5, '', NULL, NULL, 'Saya akan berenang minggu depan', '', '', '', '', NULL, NULL, '', '', '2015-06-29 09:37:04', '2015-06-29 09:37:04'),
(941, 0, 'I am going to go to grandfather''s house tomorrow', 2, 2, 1, 5, '', NULL, NULL, 'Saya akan pergi ke rumah kakek besok', '', '', '', '', NULL, NULL, '', '', '2015-06-29 09:37:04', '2015-06-29 09:37:04'),
(942, 0, 'She is waiting her mother', 2, 2, 1, 5, '', NULL, NULL, 'Dia sedang menunggu ibunya', '', '', '', '', NULL, NULL, '', '', '2015-06-29 09:37:04', '2015-06-29 09:37:04'),
(943, 0, 'They are drawing mountain in the class', 2, 2, 1, 5, '', NULL, NULL, 'Di kelas, mereka sedang menggambar gunung', '', '', '', '', NULL, NULL, '', '', '2015-06-29 09:37:04', '2015-06-29 09:37:04'),
(944, 0, 'He saw the rainbow yesterday', 2, 2, 1, 5, '', NULL, NULL, 'Dia melihat pelangi kemarin', '', '', '', '', NULL, NULL, '', '', '2015-06-29 09:37:04', '2015-06-29 09:37:04');

-- --------------------------------------------------------

--
-- Table structure for table `quizzs`
--

CREATE TABLE IF NOT EXISTS `quizzs` (
  `id` int(11) NOT NULL AUTO_INCREMENT,
  `kode` varchar(255) NOT NULL,
  `user_id` int(32) NOT NULL,
  `title` mediumtext NOT NULL,
  `pelajaran_id` int(11) NOT NULL,
  `kelas` int(11) NOT NULL,
  `type` smallint(2) DEFAULT NULL,
  `time` varchar(32) DEFAULT NULL,
  `details` text NOT NULL,
  `published` int(11) DEFAULT NULL,
  `created` datetime NOT NULL,
  `modified` datetime NOT NULL,
  PRIMARY KEY (`id`)
) ENGINE=MyISAM  DEFAULT CHARSET=latin1 AUTO_INCREMENT=52 ;

--
-- Dumping data for table `quizzs`
--

INSERT INTO `quizzs` (`id`, `kode`, `user_id`, `title`, `pelajaran_id`, `kelas`, `type`, `time`, `details`, `published`, `created`, `modified`) VALUES
(49, 'Bahasa Inggris', 1, 'Try Out', 5, 1, 1, '3', '', NULL, '2015-06-29 11:46:43', '2015-06-29 11:46:43'),
(48, 'bhs', 1, 'Try Out', 5, 1, 1, '2', '', NULL, '2015-06-29 11:08:58', '2015-06-29 11:08:58'),
(50, 'Bahasa Inggris 2', 1, 'Try Out', 5, 1, 1, '2', '', NULL, '2015-06-30 13:12:58', '2015-06-30 13:12:58'),
(51, 'Bahasa Inggris kelas 1', 1, 'Try Out', 5, 1, 1, '5', '', NULL, '2015-07-07 22:07:54', '2015-07-07 22:07:54');

-- --------------------------------------------------------

--
-- Table structure for table `quizzs_questions`
--

CREATE TABLE IF NOT EXISTS `quizzs_questions` (
  `id` bigint(50) NOT NULL AUTO_INCREMENT,
  `quizz_id` bigint(50) unsigned NOT NULL,
  `question_id` int(10) unsigned NOT NULL,
  `order` int(2) NOT NULL,
  PRIMARY KEY (`id`)
) ENGINE=MyISAM  DEFAULT CHARSET=latin1 AUTO_INCREMENT=341 ;

--
-- Dumping data for table `quizzs_questions`
--

INSERT INTO `quizzs_questions` (`id`, `quizz_id`, `question_id`, `order`) VALUES
(340, 51, 770, 10),
(339, 51, 769, 9),
(338, 51, 768, 8),
(337, 51, 767, 7),
(336, 51, 766, 6),
(335, 51, 765, 5),
(334, 51, 764, 4),
(325, 49, 768, 8),
(327, 49, 786, 10),
(324, 49, 773, 7),
(317, 48, 768, 3),
(331, 51, 761, 1),
(330, 50, 763, 1),
(332, 51, 762, 2),
(329, 50, 762, 3),
(328, 50, 761, 2),
(326, 49, 781, 9),
(333, 51, 763, 3),
(316, 48, 769, 2),
(323, 49, 772, 6),
(322, 49, 771, 5),
(321, 49, 770, 4),
(315, 48, 770, 1),
(320, 49, 763, 3),
(319, 49, 762, 2),
(318, 49, 761, 1);

-- --------------------------------------------------------

--
-- Table structure for table `uraian_answers`
--

CREATE TABLE IF NOT EXISTS `uraian_answers` (
  `id` bigint(60) NOT NULL AUTO_INCREMENT,
  `user_id` bigint(40) NOT NULL,
  `question_id` bigint(40) NOT NULL,
  `quizz_id` bigint(40) NOT NULL,
  `jawaban_uraian` text NOT NULL,
  `created` datetime NOT NULL,
  `modified` datetime NOT NULL,
  PRIMARY KEY (`id`)
) ENGINE=MyISAM  DEFAULT CHARSET=latin1 AUTO_INCREMENT=2 ;

--
-- Dumping data for table `uraian_answers`
--

INSERT INTO `uraian_answers` (`id`, `user_id`, `question_id`, `quizz_id`, `jawaban_uraian`, `created`, `modified`) VALUES
(1, 18, 3, 2, 'Jawaban saya bu', '2011-12-06 20:05:41', '2012-06-11 05:45:51');

/*!40101 SET CHARACTER_SET_CLIENT=@OLD_CHARACTER_SET_CLIENT */;
/*!40101 SET CHARACTER_SET_RESULTS=@OLD_CHARACTER_SET_RESULTS */;
/*!40101 SET COLLATION_CONNECTION=@OLD_COLLATION_CONNECTION */;
